Time,Channel A,Channel B
(ns),(V),(mV)

-50.40000062,0.01956947,184.93150000
-50.00000061,0.01956947,185.91000000
-49.60000061,0.00000000,186.88840000
-49.20000060,-0.03913894,182.97450000
-48.80000060,0.03913894,184.93150000
-48.40000059,0.05870841,183.95300000
-48.00000059,0.03913894,188.84540000
-47.60000058,-0.01956947,184.93150000
-47.20000057,0.00000000,184.93150000
-46.80000057,0.01956947,182.97450000
-46.40000056,0.00000000,183.95300000
-46.00000056,-0.01956947,182.97450000
-45.60000055,-0.01956947,182.97450000
-45.20000055,0.01956947,182.97450000
-44.80000054,0.00000000,184.93150000
-44.40000054,0.00000000,182.97450000
-44.00000053,-0.01956947,182.97450000
-43.60000053,-0.03913894,183.95300000
-43.20000052,-0.01956947,183.95300000
-42.80000052,-0.01956947,182.97450000
-42.40000051,0.01956947,184.93150000
-42.00000051,0.03913894,183.95300000
-41.60000050,0.01956947,183.95300000
-41.20000049,-0.01956947,182.97450000
-40.80000049,0.07827789,184.93150000
-40.40000048,0.00000000,183.95300000
-40.00000048,0.01956947,184.93150000
-39.60000047,0.03913894,183.95300000
-39.20000047,0.05870841,183.95300000
-38.80000046,0.00000000,181.01760000
-38.40000046,0.03913894,185.91000000
-38.00000045,-0.01956947,184.93150000
-37.60000045,0.03913894,184.93150000
-37.20000044,-0.03913894,183.95300000
-36.80000044,0.01956947,183.95300000
-36.40000043,0.01956947,182.97450000
-36.00000043,0.01956947,183.95300000
-35.60000042,-0.03913894,185.91000000
-35.20000041,0.01956947,181.99610000
-34.80000041,0.00000000,180.03910000
-34.40000040,0.01956947,181.99610000
-34.00000040,0.03913894,179.06070000
-33.60000039,0.00000000,181.01760000
-33.20000039,0.01956947,181.01760000
-32.80000038,0.00000000,181.01760000
-32.40000038,0.00000000,180.03910000
-32.00000037,0.00000000,179.06070000
-31.60000037,0.00000000,179.06070000
-31.20000036,0.00000000,177.10370000
-30.80000036,0.00000000,178.08220000
-30.40000035,-0.01956947,177.10370000
-30.00000035,0.00000000,178.08220000
-29.60000034,0.01956947,179.06070000
-29.20000033,-0.01956947,177.10370000
-28.80000033,0.01956947,179.06070000
-28.40000032,0.00000000,177.10370000
-28.00000032,0.01956947,178.08220000
-27.60000031,-0.01956947,178.08220000
-27.20000031,0.01956947,180.03910000
-26.80000030,0.00000000,180.03910000
-26.40000030,0.07827789,179.06070000
-26.00000029,0.00000000,177.10370000
-25.60000029,0.00000000,181.01760000
-25.20000028,0.00000000,178.08220000
-24.80000028,-0.01956947,179.06070000
-24.40000027,0.03913894,179.06070000
-24.00000026,0.03913894,181.01760000
-23.60000026,0.03913894,181.01760000
-23.20000025,0.00000000,180.03910000
-22.80000025,0.03913894,178.08220000
-22.40000024,0.03913894,181.99610000
-22.00000024,-0.01956947,181.01760000
-21.60000023,0.03913894,181.01760000
-21.20000023,0.01956947,181.99610000
-20.80000022,0.03913894,181.99610000
-20.40000022,0.01956947,180.03910000
-20.00000021,-0.01956947,184.93150000
-19.60000021,0.01956947,183.95300000
-19.20000020,0.00000000,182.97450000
-18.80000020,0.00000000,182.97450000
-18.40000019,0.00000000,181.99610000
-18.00000018,-0.01956947,181.01760000
-17.60000018,-0.01956947,182.97450000
-17.20000017,0.01956947,181.99610000
-16.80000017,0.01956947,181.99610000
-16.40000016,-0.01956947,181.01760000
-16.00000016,0.00000000,183.95300000
-15.60000015,-0.01956947,181.99610000
-15.20000015,0.00000000,181.99610000
-14.80000014,0.05870841,182.97450000
-14.40000014,0.01956947,181.01760000
-14.00000013,0.00000000,181.99610000
-13.60000013,0.01956947,184.93150000
-13.20000012,0.03913894,182.97450000
-12.80000012,-0.01956947,183.95300000
-12.40000011,-0.01956947,185.91000000
-12.00000010,-0.03913894,182.97450000
-11.60000010,0.05870841,182.97450000
-11.20000009,0.01956947,180.03910000
-10.80000009,0.03913894,176.12520000
-10.40000008,0.11741680,174.16830000
-10.00000008,0.09784736,167.31900000
-9.60000007,0.13698630,161.44810000
-9.20000007,0.27397260,152.64190000
-8.80000006,0.25440310,147.74950000
-8.40000006,0.35225050,140.90020000
-8.00000005,0.41095890,138.94330000
-7.60000005,0.43052840,136.00780000
-7.20000004,0.46966730,136.98630000
-6.80000004,0.48923680,138.94330000
-6.40000003,0.58708420,141.87870000
-6.00000002,0.56751470,145.79260000
-5.60000002,0.58708420,150.68490000
-5.20000001,0.64579250,161.44810000
-4.80000001,0.68493150,166.34050000
-4.40000000,0.68493150,171.23290000
-4.00000000,0.74363990,177.10370000
-3.59999999,0.70450100,183.95300000
-3.19999999,0.74363990,192.75930000
-2.79999998,0.78277890,195.69470000
-2.39999998,0.76320940,200.58710000
-1.99999997,0.80234830,202.54400000
-1.59999997,0.84148730,201.56560000
-1.19999996,0.90019570,200.58710000
-0.79999996,0.90019570,197.65160000
-0.39999995,0.97847350,186.88840000
0.00000006,1.01761200,181.99610000
0.40000006,1.07632100,175.14680000
0.80000007,1.09589000,164.38350000
1.20000007,1.21330700,152.64190000
1.60000008,1.17416800,141.87870000
2.00000008,1.29158500,133.07240000
2.40000009,1.35029400,125.24460000
2.80000009,1.36986300,117.41680000
3.20000010,1.44814100,114.48140000
3.60000010,1.50684900,107.63210000
4.00000011,1.54598800,109.58900000
4.40000011,1.60469700,110.56750000
4.80000012,1.68297500,116.43840000
5.20000012,1.74168300,123.28770000
5.60000013,1.76125200,128.18000000
6.00000014,1.81996100,141.87870000
6.40000014,1.87866900,148.72800000
6.80000015,1.93737800,160.46970000
7.20000015,1.91780800,170.25440000
7.60000016,1.97651700,178.08220000
8.00000016,2.01565600,186.88840000
8.40000017,2.09393300,195.69470000
8.80000017,2.15264200,195.69470000
9.20000018,2.23092000,204.50100000
9.60000018,2.25048900,206.45790000
10.00000019,2.34833700,207.43640000
10.40000019,2.30919800,210.37180000
10.80000020,2.38747500,209.39330000
11.20000021,2.40704500,209.39330000
11.60000021,2.56360100,206.45790000
12.00000022,2.50489200,202.54400000
12.40000022,2.62230900,198.63010000
12.80000023,2.62230900,196.67320000
13.20000023,2.68101800,193.73780000
13.60000024,2.72015600,192.75930000
14.00000024,2.75929500,186.88840000
14.40000025,2.79843400,186.88840000
14.80000025,2.87671200,185.91000000
15.20000026,2.87671200,185.91000000
15.60000026,2.99412900,183.95300000
16.00000027,2.97456000,185.91000000
16.40000027,3.05283800,182.97450000
16.80000028,3.05283800,185.91000000
17.20000029,3.09197600,185.91000000
17.60000029,3.13111500,186.88840000
18.00000030,3.17025400,188.84540000
18.40000030,3.15068500,189.82390000
18.80000031,3.24853200,190.80230000
19.20000031,3.20939300,188.84540000
19.60000032,3.26810200,192.75930000
20.00000032,3.26810200,190.80230000
20.40000033,3.30724100,186.88840000
20.80000033,3.30724100,189.82390000
21.20000034,3.34638000,187.86690000
21.60000034,3.34638000,186.88840000
22.00000035,3.40508800,185.91000000
22.40000035,3.38551900,190.80230000
22.80000036,3.48336600,189.82390000
23.20000037,3.44422700,194.71620000
23.60000037,3.50293500,196.67320000
24.00000038,3.52250500,195.69470000
24.40000038,3.56164400,196.67320000
24.80000039,3.54207400,197.65160000
25.20000039,3.58121300,200.58710000
25.60000040,3.62035200,199.60860000
26.00000040,3.62035200,199.60860000
26.40000041,3.62035200,200.58710000
26.80000041,3.62035200,201.56560000
27.20000042,3.65949100,203.52250000
27.60000042,3.67906100,199.60860000
28.00000043,3.65949100,198.63010000
28.40000043,3.71819900,200.58710000
28.80000044,3.63992200,195.69470000
29.20000045,3.67906100,198.63010000
29.60000045,3.67906100,197.65160000
30.00000046,3.73776900,195.69470000
30.40000046,3.71819900,195.69470000
30.80000047,3.73776900,193.73780000
31.20000047,3.69863000,193.73780000
31.60000048,3.73776900,193.73780000
32.00000048,3.75733900,191.78080000
32.40000049,3.79647800,189.82390000
32.80000049,3.75733900,190.80230000
33.20000050,3.79647800,192.75930000
33.60000050,3.83561600,189.82390000
34.00000051,3.85518600,186.88840000
34.40000051,3.73776900,186.88840000
34.80000052,3.81604700,187.86690000
35.20000053,3.77690800,187.86690000
35.60000053,3.83561600,186.88840000
36.00000054,3.83561600,186.88840000
36.40000054,3.81604700,187.86690000
36.80000055,3.81604700,185.91000000
37.20000055,3.77690800,184.93150000
37.60000056,3.81604700,184.93150000
38.00000056,3.81604700,185.91000000
38.40000057,3.75733900,185.91000000
38.80000057,3.77690800,184.93150000
39.20000058,3.73776900,187.86690000
39.60000058,3.77690800,186.88840000
40.00000059,3.75733900,184.93150000
40.40000059,3.75733900,184.93150000
40.80000060,3.69863000,188.84540000
41.20000061,3.71819900,189.82390000
41.60000061,3.73776900,190.80230000
42.00000062,3.75733900,191.78080000
42.40000062,3.71819900,195.69470000
42.80000063,3.69863000,191.78080000
43.20000063,3.71819900,194.71620000
43.60000064,3.73776900,194.71620000
44.00000064,3.69863000,194.71620000
44.40000065,3.69863000,194.71620000
44.80000065,3.65949100,192.75930000
45.20000066,3.69863000,191.78080000
45.60000066,3.65949100,193.73780000
46.00000067,3.65949100,193.73780000
46.40000068,3.63992200,192.75930000
46.80000068,3.60078300,191.78080000
47.20000069,3.62035200,190.80230000
47.60000069,3.65949100,188.84540000
48.00000070,3.58121300,190.80230000
48.40000070,3.63992200,188.84540000
48.80000071,3.60078300,190.80230000
49.20000071,3.58121300,189.82390000
49.60000072,3.58121300,190.80230000
50.00000072,3.60078300,188.84540000
50.40000073,3.56164400,189.82390000
50.80000073,3.60078300,188.84540000
51.20000074,3.46379600,188.84540000
51.60000074,3.52250500,187.86690000
52.00000075,3.46379600,188.84540000
52.40000076,3.48336600,188.84540000
52.80000076,3.50293500,188.84540000
53.20000077,3.50293500,184.93150000
53.60000077,3.38551900,185.91000000
54.00000078,3.42465800,184.93150000
54.40000078,3.38551900,184.93150000
54.80000079,3.40508800,181.99610000
55.20000079,3.44422700,183.95300000
55.60000080,3.44422700,181.01760000
56.00000080,3.36594900,183.95300000
56.40000081,3.40508800,182.97450000
56.80000081,3.38551900,181.99610000
57.20000082,3.44422700,181.01760000
57.60000082,3.32681000,181.99610000
58.00000083,3.38551900,179.06070000
58.40000084,3.30724100,180.03910000
58.80000084,3.34638000,178.08220000
59.20000085,3.32681000,178.08220000
59.60000085,3.34638000,177.10370000
60.00000086,3.24853200,179.06070000
60.40000086,3.28767100,178.08220000
60.80000087,3.24853200,178.08220000
61.20000087,3.34638000,177.10370000
61.60000088,3.30724100,176.12520000
62.00000088,3.28767100,176.12520000
62.40000089,3.24853200,176.12520000
62.80000089,3.18982400,176.12520000
63.20000090,3.22896300,175.14680000
63.60000090,3.26810200,176.12520000
64.00000091,3.22896300,175.14680000
64.40000092,3.22896300,173.18980000
64.80000092,3.17025400,175.14680000
65.20000093,3.17025400,174.16830000
65.60000093,3.18982400,173.18980000
66.00000094,3.18982400,172.21130000
66.40000094,3.17025400,173.18980000
66.80000095,3.18982400,173.18980000
67.20000095,3.15068500,174.16830000
67.60000096,3.18982400,172.21130000
68.00000096,3.11154600,173.18980000
68.40000097,3.17025400,175.14680000
68.80000097,3.15068500,175.14680000
69.20000098,3.09197600,177.10370000
69.60000098,3.13111500,178.08220000
70.00000099,3.11154600,176.12520000
70.40000100,3.05283800,174.16830000
70.80000100,3.09197600,174.16830000
71.20000101,3.13111500,176.12520000
71.60000101,3.09197600,174.16830000
72.00000102,3.07240700,179.06070000
72.40000102,3.09197600,177.10370000
72.80000103,3.07240700,177.10370000
73.20000103,3.09197600,177.10370000
73.60000104,3.05283800,177.10370000
74.00000104,3.07240700,177.10370000
74.40000105,3.05283800,178.08220000
74.80000105,3.09197600,177.10370000
75.20000106,3.05283800,179.06070000
75.60000106,3.09197600,177.10370000
76.00000107,3.05283800,181.99610000
76.40000108,3.05283800,181.99610000
76.80000108,2.97456000,178.08220000
77.20000109,2.99412900,180.03910000
77.60000109,2.99412900,179.06070000
78.00000110,3.05283800,178.08220000
78.40000110,3.01369900,177.10370000
78.80000111,3.05283800,180.03910000
79.20000111,3.01369900,179.06070000
79.60000112,3.03326800,179.06070000
80.00000112,2.99412900,180.03910000
80.40000113,3.03326800,181.01760000
80.80000113,3.01369900,181.99610000
81.20000114,3.07240700,184.93150000
81.60000114,3.01369900,182.97450000
82.00000115,3.03326800,182.97450000
82.40000116,3.03326800,185.91000000
82.80000116,2.99412900,182.97450000
83.20000117,2.97456000,184.93150000
83.60000117,3.03326800,183.95300000
84.00000118,2.95499000,184.93150000
84.40000118,3.01369900,181.99610000
84.80000119,3.01369900,181.99610000
85.20000119,3.03326800,181.99610000
85.60000120,3.05283800,181.99610000
86.00000120,3.01369900,181.01760000
86.40000121,2.97456000,180.03910000
86.80000121,3.05283800,180.03910000
87.20000122,3.05283800,179.06070000
87.60000123,3.03326800,179.06070000
88.00000123,3.01369900,180.03910000
88.40000124,3.05283800,179.06070000
88.80000124,3.03326800,179.06070000
89.20000125,3.07240700,177.10370000
89.60000125,3.05283800,176.12520000
90.00000126,3.07240700,177.10370000
90.40000126,3.05283800,177.10370000
90.80000127,3.09197600,179.06070000
91.20000127,3.05283800,178.08220000
91.60000128,3.09197600,176.12520000
92.00000128,3.07240700,181.01760000
92.40000129,3.09197600,178.08220000
92.80000129,3.11154600,178.08220000
93.20000130,3.11154600,178.08220000
93.60000131,3.05283800,179.06070000
94.00000131,3.09197600,177.10370000
94.40000132,3.09197600,177.10370000
94.80000132,3.11154600,177.10370000
95.20000133,3.09197600,178.08220000
95.60000133,3.13111500,180.03910000
96.00000134,3.15068500,178.08220000
96.40000134,3.15068500,176.12520000
96.80000135,3.07240700,177.10370000
97.20000135,3.09197600,178.08220000
97.60000136,3.07240700,177.10370000
98.00000136,3.13111500,176.12520000
98.40000137,3.13111500,180.03910000
98.80000137,3.13111500,177.10370000
99.20000138,3.13111500,180.03910000
99.60000139,3.17025400,180.03910000
100.00000139,3.18982400,181.99610000
100.40000140,3.18982400,181.99610000
100.80000140,3.15068500,182.97450000
101.20000141,3.20939300,181.01760000
101.60000141,3.17025400,182.97450000
102.00000142,3.24853200,181.99610000
102.40000142,3.17025400,180.03910000
102.80000143,3.18982400,182.97450000
103.20000143,3.17025400,181.99610000
103.60000144,3.22896300,185.91000000
104.00000144,3.18982400,181.99610000
104.40000145,3.20939300,179.06070000
104.80000145,3.15068500,181.01760000
105.20000146,3.20939300,181.01760000
105.60000147,3.20939300,181.99610000
106.00000147,3.24853200,181.99610000
106.40000148,3.24853200,181.99610000
106.80000148,3.17025400,182.97450000
107.20000149,3.20939300,180.03910000
107.60000149,3.22896300,180.03910000
108.00000150,3.15068500,181.01760000
108.40000150,3.22896300,182.97450000
108.80000151,3.24853200,180.03910000
109.20000151,3.17025400,181.01760000
109.60000152,3.20939300,181.99610000
110.00000152,3.26810200,183.95300000
110.40000153,3.24853200,183.95300000
110.80000153,3.26810200,182.97450000
111.20000154,3.26810200,184.93150000
111.60000155,3.30724100,185.91000000
112.00000155,3.18982400,187.86690000
112.40000156,3.24853200,190.80230000
112.80000156,3.24853200,190.80230000
113.20000157,3.22896300,193.73780000
113.60000157,3.20939300,191.78080000
114.00000158,3.22896300,192.75930000
114.40000158,3.22896300,194.71620000
114.80000159,3.28767100,191.78080000
115.20000159,3.20939300,192.75930000
115.60000160,3.22896300,192.75930000
116.00000160,3.24853200,190.80230000
116.40000161,3.28767100,189.82390000
116.80000161,3.24853200,185.91000000
117.20000162,3.26810200,186.88840000
117.60000163,3.30724100,185.91000000
118.00000163,3.26810200,183.95300000
118.40000164,3.24853200,182.97450000
118.80000164,3.32681000,182.97450000
119.20000165,3.26810200,183.95300000
119.60000165,3.32681000,181.99610000
120.00000166,3.30724100,180.03910000
120.40000166,3.30724100,179.06070000
120.80000167,3.24853200,181.99610000
121.20000167,3.34638000,181.99610000
121.60000168,3.26810200,182.97450000
122.00000168,3.30724100,182.97450000
122.40000169,3.26810200,181.99610000
122.80000170,3.28767100,181.99610000
123.20000170,3.28767100,181.01760000
123.60000171,3.28767100,181.01760000
124.00000171,3.32681000,180.03910000
124.40000172,3.30724100,178.08220000
124.80000172,3.28767100,176.12520000
125.20000173,3.32681000,179.06070000
125.60000173,3.26810200,180.03910000
126.00000174,3.28767100,176.12520000
126.40000174,3.28767100,177.10370000
126.80000175,3.28767100,175.14680000
127.20000175,3.26810200,174.16830000
127.60000176,3.30724100,174.16830000
128.00000176,3.30724100,177.10370000
128.40000177,3.34638000,177.10370000
128.80000178,3.28767100,179.06070000
129.20000178,3.28767100,177.10370000
129.60000179,3.26810200,178.08220000
130.00000179,3.34638000,177.10370000
130.40000180,3.28767100,178.08220000
130.80000180,3.30724100,181.99610000
131.20000181,3.30724100,180.03910000
131.60000181,3.34638000,181.01760000
132.00000182,3.26810200,183.95300000
132.40000182,3.32681000,182.97450000
132.80000183,3.26810200,184.93150000
133.20000183,3.30724100,182.97450000
133.60000184,3.28767100,183.95300000
134.00000184,3.32681000,186.88840000
134.40000185,3.28767100,185.91000000
134.80000186,3.30724100,185.91000000
135.20000186,3.24853200,187.86690000
135.60000187,3.32681000,186.88840000
136.00000187,3.28767100,185.91000000
136.40000188,3.34638000,186.88840000
136.80000188,3.28767100,184.93150000
137.20000189,3.28767100,183.95300000
137.60000189,3.30724100,184.93150000
138.00000190,3.28767100,183.95300000
138.40000190,3.34638000,182.97450000
138.80000191,3.32681000,183.95300000
139.20000191,3.26810200,183.95300000
139.60000192,3.30724100,181.99610000
140.00000192,3.36594900,183.95300000
140.40000193,3.32681000,181.99610000
140.80000194,3.28767100,183.95300000
141.20000194,3.30724100,182.97450000
141.60000195,3.30724100,184.93150000
142.00000195,3.28767100,183.95300000
142.40000196,3.20939300,183.95300000
142.80000196,3.28767100,181.99610000
143.20000197,3.26810200,182.97450000
143.60000197,3.28767100,183.95300000
144.00000198,3.28767100,185.91000000
144.40000198,3.26810200,184.93150000
144.80000199,3.26810200,184.93150000
145.20000199,3.30724100,182.97450000
145.60000200,3.22896300,184.93150000
146.00000200,3.24853200,181.99610000
146.40000201,3.24853200,182.97450000
146.80000202,3.34638000,183.95300000
147.20000202,3.24853200,186.88840000
147.60000203,3.28767100,183.95300000
148.00000203,3.26810200,183.95300000
148.40000204,3.24853200,183.95300000
148.80000204,3.22896300,182.97450000
149.20000205,3.24853200,181.01760000
149.60000205,3.22896300,181.99610000
150.00000206,3.22896300,180.03910000
150.40000206,3.20939300,181.99610000
150.80000207,3.22896300,182.97450000
151.20000207,3.28767100,180.03910000
151.60000208,3.28767100,178.08220000
152.00000208,3.18982400,181.01760000
152.40000209,3.26810200,180.03910000
152.80000210,3.22896300,178.08220000
153.20000210,3.20939300,179.06070000
153.60000211,3.20939300,181.01760000
154.00000211,3.24853200,180.03910000
154.40000212,3.17025400,179.06070000
154.80000212,3.18982400,177.10370000
155.20000213,3.20939300,178.08220000
155.60000213,3.18982400,178.08220000
156.00000214,3.15068500,179.06070000
156.40000214,3.20939300,177.10370000
156.80000215,3.17025400,177.10370000
157.20000215,3.20939300,176.12520000
157.60000216,3.18982400,177.10370000
158.00000217,3.18982400,176.12520000
158.40000217,3.17025400,177.10370000
158.80000218,3.20939300,178.08220000
159.20000218,3.22896300,178.08220000
159.60000219,3.20939300,175.14680000
160.00000219,3.18982400,176.12520000
160.40000220,3.15068500,178.08220000
160.80000220,3.17025400,177.10370000
161.20000221,3.24853200,175.14680000
161.60000221,3.15068500,178.08220000
162.00000222,3.18982400,180.03910000
162.40000222,3.13111500,177.10370000
162.80000223,3.20939300,180.03910000
163.20000223,3.15068500,179.06070000
163.60000224,3.15068500,181.01760000
164.00000225,3.15068500,180.03910000
164.40000225,3.15068500,179.06070000
164.80000226,3.17025400,180.03910000
165.20000226,3.20939300,178.08220000
165.60000227,3.17025400,179.06070000
166.00000227,3.15068500,179.06070000
166.40000228,3.17025400,181.01760000
166.80000228,3.18982400,181.99610000
167.20000229,3.20939300,181.99610000
167.60000229,3.17025400,181.99610000
168.00000230,3.15068500,179.06070000
168.40000230,3.18982400,181.01760000
168.80000231,3.20939300,182.97450000
169.20000231,3.17025400,180.03910000
169.60000232,3.17025400,181.99610000
170.00000233,3.20939300,179.06070000
170.40000233,3.17025400,181.99610000
170.80000234,3.17025400,181.01760000
171.20000234,3.13111500,183.95300000
171.60000235,3.18982400,181.01760000
172.00000235,3.20939300,182.97450000
172.40000236,3.17025400,182.97450000
172.80000236,3.18982400,183.95300000
173.20000237,3.17025400,182.97450000
173.60000237,3.22896300,185.91000000
174.00000238,3.18982400,185.91000000
174.40000238,3.22896300,188.84540000
174.80000239,3.18982400,187.86690000
175.20000239,3.15068500,189.82390000
175.60000240,3.17025400,185.91000000
176.00000241,3.18982400,185.91000000
176.40000241,3.18982400,187.86690000
176.80000242,3.15068500,187.86690000
177.20000242,3.20939300,187.86690000
177.60000243,3.20939300,187.86690000
178.00000243,3.20939300,185.91000000
178.40000244,3.17025400,185.91000000
178.80000244,3.20939300,182.97450000
179.20000245,3.15068500,185.91000000
179.60000245,3.22896300,184.93150000
180.00000246,3.20939300,183.95300000
180.40000246,3.22896300,181.99610000
180.80000247,3.20939300,182.97450000
181.20000247,3.22896300,181.99610000
181.60000248,3.13111500,181.01760000
182.00000249,3.24853200,181.99610000
182.40000249,3.26810200,181.01760000
182.80000250,3.18982400,180.03910000
183.20000250,3.20939300,177.10370000
183.60000251,3.22896300,178.08220000
184.00000251,3.17025400,178.08220000
184.40000252,3.22896300,177.10370000
184.80000252,3.18982400,178.08220000
185.20000253,3.22896300,178.08220000
185.60000253,3.18982400,179.06070000
186.00000254,3.26810200,176.12520000
186.40000254,3.20939300,178.08220000
186.80000255,3.22896300,179.06070000
187.20000255,3.17025400,179.06070000
187.60000256,3.18982400,175.14680000
188.00000257,3.18982400,177.10370000
188.40000257,3.24853200,177.10370000
188.80000258,3.20939300,177.10370000
189.20000258,3.18982400,176.12520000
189.60000259,3.22896300,179.06070000
190.00000259,3.24853200,176.12520000
190.40000260,3.22896300,180.03910000
190.80000260,3.22896300,180.03910000
191.20000261,3.20939300,179.06070000
191.60000261,3.22896300,177.10370000
192.00000262,3.28767100,178.08220000
192.40000262,3.24853200,179.06070000
192.80000263,3.18982400,179.06070000
193.20000264,3.26810200,179.06070000
193.60000264,3.18982400,180.03910000
194.00000265,3.22896300,180.03910000
194.40000265,3.26810200,181.99610000
194.80000266,3.26810200,181.99610000
195.20000266,3.22896300,181.99610000
195.60000267,3.28767100,181.99610000
196.00000267,3.26810200,184.93150000
196.40000268,3.28767100,184.93150000
196.80000268,3.26810200,184.93150000
197.20000269,3.22896300,183.95300000
197.60000269,3.22896300,183.95300000
198.00000270,3.26810200,181.99610000
198.40000270,3.20939300,183.95300000
198.80000271,3.26810200,184.93150000
199.20000272,3.24853200,183.95300000
199.60000272,3.28767100,182.97450000
200.00000273,3.20939300,182.97450000
200.40000273,3.26810200,183.95300000
200.80000274,3.22896300,182.97450000
201.20000274,3.26810200,182.97450000
201.60000275,3.28767100,184.93150000
202.00000275,3.26810200,183.95300000
202.40000276,3.26810200,182.97450000
202.80000276,3.26810200,182.97450000
203.20000277,3.26810200,183.95300000
203.60000277,3.26810200,181.01760000
204.00000278,3.20939300,183.95300000
204.40000278,3.28767100,182.97450000
204.80000279,3.26810200,184.93150000
205.20000280,3.28767100,181.99610000
205.60000280,3.18982400,183.95300000
206.00000281,3.26810200,183.95300000
206.40000281,3.26810200,182.97450000
206.80000282,3.32681000,183.95300000
207.20000282,3.30724100,183.95300000
207.60000283,3.30724100,184.93150000
208.00000283,3.24853200,185.91000000
208.40000284,3.22896300,185.91000000
208.80000284,3.28767100,184.93150000
209.20000285,3.24853200,184.93150000
209.60000285,3.24853200,188.84540000
210.00000286,3.28767100,185.91000000
210.40000286,3.24853200,182.97450000
210.80000287,3.20939300,181.99610000
211.20000288,3.24853200,182.97450000
211.60000288,3.26810200,181.99610000
212.00000289,3.24853200,183.95300000
212.40000289,3.26810200,181.99610000
212.80000290,3.20939300,181.99610000
213.20000290,3.26810200,180.03910000
213.60000291,3.24853200,181.99610000
214.00000291,3.20939300,181.99610000
214.40000292,3.22896300,181.99610000
214.80000292,3.22896300,180.03910000
215.20000293,3.24853200,181.01760000
215.60000293,3.22896300,179.06070000
216.00000294,3.24853200,181.99610000
216.40000294,3.28767100,179.06070000
216.80000295,3.26810200,182.97450000
217.20000296,3.24853200,180.03910000
217.60000296,3.28767100,180.03910000
218.00000297,3.26810200,178.08220000
218.40000297,3.28767100,180.03910000
218.80000298,3.28767100,180.03910000
219.20000298,3.22896300,181.01760000
219.60000299,3.24853200,180.03910000
220.00000299,3.24853200,179.06070000
220.40000300,3.26810200,179.06070000
220.80000300,3.24853200,179.06070000
221.20000301,3.24853200,179.06070000
221.60000301,3.26810200,177.10370000
222.00000302,3.24853200,179.06070000
222.40000302,3.26810200,178.08220000
222.80000303,3.26810200,179.06070000
223.20000304,3.24853200,177.10370000
223.60000304,3.30724100,179.06070000
224.00000305,3.18982400,179.06070000
224.40000305,3.20939300,178.08220000
224.80000306,3.20939300,178.08220000
225.20000306,3.24853200,180.03910000
225.60000307,3.26810200,180.03910000
226.00000307,3.24853200,180.03910000
226.40000308,3.22896300,181.99610000
226.80000308,3.24853200,180.03910000
227.20000309,3.24853200,182.97450000
227.60000309,3.28767100,181.99610000
228.00000310,3.26810200,182.97450000
228.40000310,3.26810200,181.99610000
228.80000311,3.22896300,182.97450000
229.20000312,3.26810200,180.03910000
229.60000312,3.18982400,184.93150000
230.00000313,3.22896300,184.93150000
230.40000313,3.20939300,185.91000000
230.80000314,3.22896300,181.01760000
231.20000314,3.24853200,181.99610000
231.60000315,3.26810200,179.06070000
232.00000315,3.24853200,183.95300000
232.40000316,3.22896300,180.03910000
232.80000316,3.26810200,177.10370000
233.20000317,3.26810200,181.01760000
233.60000317,3.24853200,179.06070000
234.00000318,3.22896300,180.03910000
234.40000319,3.22896300,181.99610000
234.80000319,3.22896300,183.95300000
235.20000320,3.20939300,183.95300000
235.60000320,3.22896300,182.97450000
236.00000321,3.24853200,186.88840000
236.40000321,3.26810200,184.93150000
236.80000322,3.15068500,187.86690000
237.20000322,3.24853200,188.84540000
237.60000323,3.18982400,187.86690000
238.00000323,3.20939300,191.78080000
238.40000324,3.20939300,190.80230000
238.80000324,3.26810200,186.88840000
239.20000325,3.17025400,187.86690000
239.60000325,3.26810200,189.82390000
240.00000326,3.20939300,188.84540000
240.40000327,3.20939300,186.88840000
240.80000327,3.22896300,185.91000000
241.20000328,3.22896300,181.99610000
241.60000328,3.22896300,182.97450000
242.00000329,3.26810200,181.01760000
242.40000329,3.18982400,181.01760000
242.80000330,3.24853200,178.08220000
243.20000330,3.18982400,178.08220000
243.60000331,3.22896300,178.08220000
244.00000331,3.24853200,176.12520000
244.40000332,3.20939300,177.10370000
244.80000332,3.20939300,176.12520000
245.20000333,3.24853200,177.10370000
245.60000333,3.22896300,174.16830000
246.00000334,3.28767100,177.10370000
246.40000335,3.18982400,177.10370000
246.80000335,3.20939300,176.12520000
247.20000336,3.22896300,178.08220000
247.60000336,3.24853200,180.03910000
248.00000337,3.20939300,179.06070000
248.40000337,3.17025400,180.03910000
248.80000338,3.17025400,179.06070000
249.20000338,3.22896300,178.08220000
249.60000339,3.17025400,178.08220000
250.00000339,3.22896300,177.10370000
250.40000340,3.17025400,177.10370000
250.80000340,3.22896300,177.10370000
251.20000341,3.17025400,176.12520000
251.60000341,3.24853200,175.14680000
252.00000342,3.18982400,176.12520000
252.40000343,3.24853200,175.14680000
252.80000343,3.22896300,175.14680000
253.20000344,3.18982400,174.16830000
253.60000344,3.24853200,177.10370000
254.00000345,3.24853200,177.10370000
254.40000345,3.22896300,177.10370000
254.80000346,3.20939300,176.12520000
255.20000346,3.13111500,178.08220000
255.60000347,3.20939300,177.10370000
256.00000347,3.17025400,179.06070000
256.40000348,3.20939300,180.03910000
256.80000348,3.24853200,183.95300000
257.20000349,3.26810200,181.01760000
257.60000349,3.22896300,181.99610000
258.00000350,3.20939300,181.99610000
258.40000351,3.18982400,183.95300000
258.80000351,3.24853200,182.97450000
259.20000352,3.18982400,182.97450000
259.60000352,3.22896300,182.97450000
260.00000353,3.24853200,186.88840000
260.40000353,3.22896300,181.99610000
260.80000354,3.22896300,181.01760000
261.20000354,3.20939300,182.97450000
261.60000355,3.17025400,183.95300000
262.00000355,3.18982400,182.97450000
262.40000356,3.18982400,184.93150000
262.80000356,3.22896300,181.99610000
263.20000357,3.22896300,182.97450000
263.60000357,3.22896300,180.03910000
264.00000358,3.15068500,181.99610000
264.40000359,3.22896300,181.99610000
264.80000359,3.18982400,181.99610000
265.20000360,3.26810200,182.97450000
265.60000360,3.22896300,180.03910000
266.00000361,3.26810200,180.03910000
266.40000361,3.20939300,182.97450000
266.80000362,3.28767100,181.99610000
267.20000362,3.18982400,184.93150000
267.60000363,3.26810200,183.95300000
268.00000363,3.18982400,182.97450000
268.40000364,3.20939300,182.97450000
268.80000364,3.22896300,182.97450000
269.20000365,3.22896300,185.91000000
269.60000366,3.22896300,185.91000000
270.00000366,3.26810200,186.88840000
270.40000367,3.20939300,183.95300000
270.80000367,3.28767100,186.88840000
271.20000368,3.22896300,183.95300000
271.60000368,3.30724100,183.95300000
272.00000369,3.17025400,184.93150000
272.40000369,3.22896300,183.95300000
272.80000370,3.20939300,182.97450000
273.20000370,3.22896300,182.97450000
273.60000371,3.18982400,184.93150000
274.00000371,3.26810200,181.99610000
274.40000372,3.24853200,182.97450000
274.80000372,3.22896300,181.99610000
275.20000373,3.22896300,181.99610000
275.60000374,3.30724100,180.03910000
276.00000374,3.20939300,182.97450000
276.40000375,3.22896300,180.03910000
276.80000375,3.22896300,181.01760000
277.20000376,3.26810200,181.01760000
277.60000376,3.24853200,181.99610000
278.00000377,3.28767100,181.99610000
278.40000377,3.18982400,182.97450000
278.80000378,3.18982400,178.08220000
279.20000378,3.20939300,180.03910000
279.60000379,3.20939300,179.06070000
280.00000379,3.22896300,180.03910000
280.40000380,3.26810200,179.06070000
280.80000380,3.22896300,179.06070000
281.20000381,3.22896300,179.06070000
281.60000382,3.22896300,179.06070000
282.00000382,3.30724100,176.12520000
282.40000383,3.26810200,179.06070000
282.80000383,3.24853200,178.08220000
283.20000384,3.24853200,179.06070000
283.60000384,3.24853200,179.06070000
284.00000385,3.20939300,180.03910000
284.40000385,3.28767100,180.03910000
284.80000386,3.22896300,179.06070000
285.20000386,3.24853200,178.08220000
285.60000387,3.24853200,179.06070000
286.00000387,3.26810200,179.06070000
286.40000388,3.26810200,179.06070000
286.80000388,3.22896300,180.03910000
287.20000389,3.24853200,178.08220000
287.60000390,3.30724100,181.01760000
288.00000390,3.24853200,181.99610000
288.40000391,3.28767100,181.99610000
288.80000391,3.24853200,181.99610000
289.20000392,3.26810200,182.97450000
289.60000392,3.18982400,181.99610000
290.00000393,3.22896300,181.99610000
290.40000393,3.26810200,181.99610000
290.80000394,3.24853200,181.01760000
291.20000394,3.22896300,181.01760000
291.60000395,3.28767100,183.95300000
292.00000395,3.24853200,181.01760000
292.40000396,3.26810200,183.95300000
292.80000396,3.22896300,182.97450000
293.20000397,3.24853200,181.01760000
293.60000398,3.26810200,182.97450000
294.00000398,3.26810200,182.97450000
294.40000399,3.26810200,182.97450000
294.80000399,3.28767100,181.99610000
295.20000400,3.24853200,181.99610000
295.60000400,3.26810200,181.99610000
296.00000401,3.24853200,181.01760000
296.40000401,3.20939300,180.03910000
296.80000402,3.24853200,181.99610000
297.20000402,3.26810200,181.99610000
297.60000403,3.20939300,181.99610000
298.00000403,3.28767100,181.99610000
298.40000404,3.28767100,185.91000000
298.80000404,3.22896300,187.86690000
299.20000405,3.26810200,185.91000000
299.60000406,3.26810200,188.84540000
300.00000406,3.22896300,187.86690000
300.40000407,3.26810200,184.93150000
300.80000407,3.18982400,185.91000000
301.20000408,3.30724100,188.84540000
301.60000408,3.22896300,187.86690000
302.00000409,3.22896300,185.91000000
302.40000409,3.22896300,185.91000000
302.80000410,3.24853200,183.95300000
303.20000410,3.26810200,183.95300000
303.60000411,3.24853200,183.95300000
304.00000411,3.18982400,183.95300000
304.40000412,3.26810200,181.99610000
304.80000413,3.22896300,181.01760000
305.20000413,3.24853200,181.01760000
305.60000414,3.18982400,182.97450000
306.00000414,3.22896300,182.97450000
306.40000415,3.22896300,180.03910000
306.80000415,3.26810200,181.01760000
307.20000416,3.22896300,181.01760000
307.60000416,3.26810200,180.03910000
308.00000417,3.20939300,179.06070000
308.40000417,3.22896300,178.08220000
308.80000418,3.22896300,177.10370000
309.20000418,3.24853200,177.10370000
309.60000419,3.26810200,178.08220000
310.00000419,3.22896300,178.08220000
310.40000420,3.22896300,176.12520000
310.80000421,3.28767100,177.10370000
311.20000421,3.18982400,178.08220000
311.60000422,3.20939300,178.08220000
312.00000422,3.22896300,178.08220000
312.40000423,3.24853200,175.14680000
312.80000423,3.20939300,176.12520000
313.20000424,3.22896300,178.08220000
313.60000424,3.15068500,176.12520000
314.00000425,3.18982400,177.10370000
314.40000425,3.17025400,177.10370000
314.80000426,3.20939300,176.12520000
315.20000426,3.20939300,176.12520000
315.60000427,3.28767100,177.10370000
316.00000427,3.24853200,177.10370000
316.40000428,3.24853200,177.10370000
316.80000429,3.26810200,179.06070000
317.20000429,3.26810200,180.03910000
317.60000430,3.26810200,180.03910000
318.00000430,3.20939300,179.06070000
318.40000431,3.20939300,181.99610000
318.80000431,3.20939300,180.03910000
319.20000432,3.22896300,180.03910000
319.60000432,3.26810200,180.03910000
320.00000433,3.20939300,182.97450000
320.40000433,3.22896300,181.99610000
320.80000434,3.22896300,181.99610000
321.20000434,3.20939300,182.97450000
321.60000435,3.18982400,181.99610000
322.00000435,3.22896300,182.97450000
322.40000436,3.26810200,184.93150000
322.80000437,3.26810200,183.95300000
323.20000437,3.22896300,183.95300000
323.60000438,3.26810200,181.01760000
324.00000438,3.22896300,181.01760000
324.40000439,3.24853200,181.99610000
324.80000439,3.20939300,181.99610000
325.20000440,3.24853200,182.97450000
325.60000440,3.24853200,181.99610000
326.00000441,3.20939300,182.97450000
326.40000441,3.20939300,182.97450000
326.80000442,3.24853200,181.01760000
327.20000442,3.24853200,180.03910000
327.60000443,3.26810200,181.99610000
328.00000443,3.22896300,182.97450000
328.40000444,3.20939300,182.97450000
328.80000445,3.17025400,181.99610000
329.20000445,3.28767100,181.01760000
329.60000446,3.22896300,181.99610000
330.00000446,3.24853200,182.97450000
330.40000447,3.18982400,183.95300000
330.80000447,3.22896300,182.97450000
331.20000448,3.18982400,185.91000000
331.60000448,3.20939300,182.97450000
332.00000449,3.24853200,183.95300000
332.40000449,3.24853200,182.97450000
332.80000450,3.22896300,184.93150000
333.20000450,3.24853200,183.95300000
333.60000451,3.17025400,185.91000000
334.00000451,3.24853200,183.95300000
334.40000452,3.20939300,183.95300000
334.80000453,3.22896300,183.95300000
335.20000453,3.20939300,183.95300000
335.60000454,3.18982400,183.95300000
336.00000454,3.15068500,182.97450000
336.40000455,3.24853200,182.97450000
336.80000455,3.22896300,181.99610000
337.20000456,3.24853200,181.01760000
337.60000456,3.18982400,181.99610000
338.00000457,3.26810200,181.99610000
338.40000457,3.18982400,182.97450000
338.80000458,3.20939300,181.99610000
339.20000458,3.26810200,183.95300000
339.60000459,3.30724100,181.99610000
340.00000459,3.24853200,178.08220000
340.40000460,3.26810200,179.06070000
340.80000461,3.24853200,177.10370000
341.20000461,3.20939300,178.08220000
341.60000462,3.22896300,181.01760000
342.00000462,3.20939300,178.08220000
342.40000463,3.20939300,180.03910000
342.80000463,3.24853200,178.08220000
343.20000464,3.26810200,180.03910000
343.60000464,3.22896300,178.08220000
344.00000465,3.20939300,178.08220000
344.40000465,3.24853200,178.08220000
344.80000466,3.22896300,178.08220000
345.20000466,3.22896300,180.03910000
345.60000467,3.20939300,181.01760000
346.00000468,3.22896300,178.08220000
346.40000468,3.28767100,178.08220000
346.80000469,3.18982400,178.08220000
347.20000469,3.18982400,178.08220000
347.60000470,3.20939300,176.12520000
348.00000470,3.20939300,181.01760000
348.40000471,3.20939300,180.03910000
348.80000471,3.18982400,181.01760000
349.20000472,3.26810200,181.99610000
349.60000472,3.26810200,181.01760000
350.00000473,3.26810200,181.01760000
350.40000473,3.20939300,182.97450000
350.80000474,3.24853200,181.01760000
351.20000474,3.22896300,181.99610000
351.60000475,3.24853200,181.01760000
352.00000476,3.22896300,181.99610000
352.40000476,3.24853200,181.99610000
352.80000477,3.26810200,181.99610000
353.20000477,3.24853200,182.97450000
353.60000478,3.18982400,182.97450000
354.00000478,3.28767100,182.97450000
354.40000479,3.24853200,183.95300000
354.80000479,3.26810200,181.99610000
355.20000480,3.24853200,181.99610000
355.60000480,3.22896300,182.97450000
356.00000481,3.26810200,181.01760000
356.40000481,3.24853200,183.95300000
356.80000482,3.20939300,181.99610000
357.20000482,3.30724100,182.97450000
357.60000483,3.22896300,184.93150000
358.00000484,3.22896300,180.03910000
358.40000484,3.22896300,182.97450000
358.80000485,3.22896300,181.01760000
359.20000485,3.22896300,181.01760000
359.60000486,3.32681000,181.99610000
360.00000486,3.24853200,183.95300000
360.40000487,3.26810200,184.93150000
360.80000487,3.24853200,185.91000000
361.20000488,3.24853200,185.91000000
361.60000488,3.24853200,187.86690000
362.00000489,3.32681000,188.84540000
362.40000489,3.22896300,186.88840000
362.80000490,3.24853200,188.84540000
363.20000490,3.18982400,189.82390000
363.60000491,3.26810200,187.86690000
364.00000492,3.26810200,188.84540000
364.40000492,3.26810200,185.91000000
364.80000493,3.26810200,183.95300000
365.20000493,3.28767100,185.91000000
365.60000494,3.20939300,183.95300000
366.00000494,3.20939300,181.99610000
366.40000495,3.22896300,183.95300000
366.80000495,3.26810200,181.01760000
367.20000496,3.24853200,179.06070000
367.60000496,3.30724100,180.03910000
368.00000497,3.30724100,183.95300000
368.40000497,3.26810200,180.03910000
368.80000498,3.28767100,179.06070000
369.20000498,3.30724100,181.01760000
369.60000499,3.24853200,178.08220000
370.00000500,3.26810200,177.10370000
370.40000500,3.24853200,180.03910000
370.80000501,3.22896300,178.08220000
371.20000501,3.24853200,179.06070000
371.60000502,3.24853200,179.06070000
372.00000502,3.18982400,180.03910000
372.40000503,3.24853200,178.08220000
372.80000503,3.26810200,181.01760000
373.20000504,3.24853200,178.08220000
373.60000504,3.24853200,177.10370000
374.00000505,3.26810200,175.14680000
374.40000505,3.24853200,178.08220000
374.80000506,3.24853200,174.16830000
375.20000506,3.22896300,174.16830000
375.60000507,3.28767100,174.16830000
376.00000508,3.22896300,177.10370000
376.40000508,3.26810200,176.12520000
376.80000509,3.22896300,176.12520000
377.20000509,3.28767100,179.06070000
377.60000510,3.24853200,175.14680000
378.00000510,3.22896300,175.14680000
378.40000511,3.20939300,179.06070000
378.80000511,3.20939300,178.08220000
379.20000512,3.22896300,178.08220000
379.60000512,3.22896300,179.06070000
380.00000513,3.26810200,181.99610000
380.40000513,3.28767100,179.06070000
380.80000514,3.24853200,180.03910000
381.20000515,3.24853200,182.97450000
381.60000515,3.22896300,181.01760000
382.00000516,3.26810200,182.97450000
382.40000516,3.20939300,181.99610000
382.80000517,3.26810200,181.99610000
383.20000517,3.24853200,184.93150000
383.60000518,3.26810200,181.99610000
384.00000518,3.22896300,184.93150000
384.40000519,3.22896300,182.97450000
384.80000519,3.22896300,185.91000000
385.20000520,3.24853200,182.97450000
385.60000520,3.22896300,181.01760000
386.00000521,3.26810200,184.93150000
386.40000521,3.22896300,183.95300000
386.80000522,3.24853200,181.99610000
387.20000523,3.17025400,184.93150000
387.60000523,3.26810200,182.97450000
388.00000524,3.20939300,183.95300000
388.40000524,3.24853200,182.97450000
388.80000525,3.24853200,181.99610000
389.20000525,3.22896300,182.97450000
389.60000526,3.20939300,181.99610000
390.00000526,3.20939300,182.97450000
390.40000527,3.22896300,181.01760000
390.80000527,3.28767100,180.03910000
391.20000528,3.17025400,183.95300000
391.60000528,3.24853200,184.93150000
392.00000529,3.22896300,182.97450000
392.40000529,3.22896300,182.97450000
392.80000530,3.20939300,185.91000000
393.20000531,3.26810200,183.95300000
393.60000531,3.22896300,184.93150000
394.00000532,3.24853200,183.95300000
394.40000532,3.26810200,184.93150000
394.80000533,3.20939300,182.97450000
395.20000533,3.22896300,183.95300000
395.60000534,3.24853200,181.99610000
396.00000534,3.20939300,181.99610000
396.40000535,3.24853200,183.95300000
396.80000535,3.18982400,183.95300000
397.20000536,3.20939300,182.97450000
397.60000536,3.22896300,182.97450000
398.00000537,3.22896300,181.01760000
398.40000537,3.20939300,181.01760000
398.80000538,3.22896300,181.99610000
399.20000539,3.26810200,181.99610000
399.60000539,3.24853200,181.01760000
400.00000540,3.24853200,181.99610000
400.40000540,3.26810200,181.01760000
400.80000541,3.20939300,181.01760000
401.20000541,3.18982400,181.01760000
401.60000542,3.22896300,182.97450000
402.00000542,3.26810200,178.08220000
402.40000543,3.22896300,178.08220000
402.80000543,3.26810200,177.10370000
403.20000544,3.18982400,180.03910000
403.60000544,3.24853200,179.06070000
404.00000545,3.18982400,179.06070000
404.40000545,3.28767100,178.08220000
404.80000546,3.17025400,177.10370000
405.20000547,3.24853200,178.08220000
405.60000547,3.18982400,179.06070000
406.00000548,3.28767100,180.03910000
406.40000548,3.24853200,179.06070000
406.80000549,3.24853200,179.06070000
407.20000549,3.20939300,178.08220000
407.60000550,3.28767100,179.06070000
408.00000550,3.24853200,178.08220000
408.40000551,3.26810200,180.03910000
408.80000551,3.18982400,179.06070000
409.20000552,3.18982400,178.08220000
409.60000552,3.22896300,181.99610000
410.00000553,3.22896300,179.06070000
410.40000553,3.24853200,178.08220000
410.80000554,3.26810200,179.06070000
411.20000555,3.20939300,181.01760000
411.60000555,3.26810200,178.08220000
412.00000556,3.24853200,181.99610000
412.40000556,3.28767100,180.03910000
412.80000557,3.18982400,181.01760000
413.20000557,3.24853200,180.03910000
413.60000558,3.22896300,181.99610000
414.00000558,3.26810200,181.99610000
414.40000559,3.20939300,181.99610000
414.80000559,3.26810200,183.95300000
415.20000560,3.22896300,186.88840000
415.60000560,3.24853200,182.97450000
416.00000561,3.24853200,183.95300000
416.40000562,3.28767100,181.99610000
416.80000562,3.22896300,181.01760000
417.20000563,3.18982400,182.97450000
417.60000563,3.22896300,184.93150000
418.00000564,3.20939300,182.97450000
418.40000564,3.20939300,181.01760000
418.80000565,3.20939300,181.99610000
419.20000565,3.18982400,181.01760000
419.60000566,3.22896300,181.01760000
420.00000566,3.22896300,182.97450000
420.40000567,3.24853200,180.03910000
420.80000567,3.20939300,180.03910000
421.20000568,3.22896300,181.01760000
421.60000568,3.22896300,181.01760000
422.00000569,3.28767100,181.01760000
422.40000570,3.22896300,183.95300000
422.80000570,3.24853200,182.97450000
423.20000571,3.22896300,185.91000000
423.60000571,3.26810200,186.88840000
424.00000572,3.22896300,187.86690000
424.40000572,3.28767100,187.86690000
424.80000573,3.22896300,186.88840000
425.20000573,3.22896300,184.93150000
425.60000574,3.24853200,184.93150000
426.00000574,3.30724100,186.88840000
426.40000575,3.26810200,184.93150000
426.80000575,3.24853200,186.88840000
427.20000576,3.24853200,184.93150000
427.60000576,3.28767100,182.97450000
428.00000577,3.22896300,183.95300000
428.40000578,3.22896300,181.99610000
428.80000578,3.26810200,181.99610000
429.20000579,3.22896300,181.01760000
429.60000579,3.20939300,181.01760000
430.00000580,3.26810200,181.99610000
430.40000580,3.18982400,181.99610000
430.80000581,3.26810200,179.06070000
431.20000581,3.22896300,180.03910000
431.60000582,3.26810200,179.06070000
432.00000582,3.24853200,179.06070000
432.40000583,3.24853200,177.10370000
432.80000583,3.22896300,180.03910000
433.20000584,3.28767100,181.01760000
433.60000584,3.20939300,180.03910000
434.00000585,3.24853200,176.12520000
434.40000586,3.18982400,179.06070000
434.80000586,3.24853200,179.06070000
435.20000587,3.24853200,178.08220000
435.60000587,3.26810200,179.06070000
436.00000588,3.24853200,177.10370000
436.40000588,3.26810200,177.10370000
436.80000589,3.24853200,177.10370000
437.20000589,3.24853200,177.10370000
437.60000590,3.20939300,176.12520000
438.00000590,3.24853200,177.10370000
438.40000591,3.24853200,177.10370000
438.80000591,3.30724100,177.10370000
439.20000592,3.24853200,176.12520000
439.60000592,3.28767100,177.10370000
440.00000593,3.20939300,176.12520000
440.40000594,3.26810200,176.12520000
440.80000594,3.18982400,176.12520000
441.20000595,3.26810200,177.10370000
441.60000595,3.20939300,179.06070000
442.00000596,3.24853200,178.08220000
442.40000596,3.22896300,180.03910000
442.80000597,3.22896300,180.03910000
443.20000597,3.24853200,180.03910000
443.60000598,3.26810200,180.03910000
444.00000598,3.22896300,182.97450000
444.40000599,3.22896300,180.03910000
444.80000599,3.18982400,183.95300000
445.20000600,3.26810200,184.93150000
445.60000600,3.24853200,183.95300000
446.00000601,3.24853200,181.99610000
446.40000602,3.22896300,182.97450000
446.80000602,3.20939300,181.01760000
447.20000603,3.22896300,183.95300000
447.60000603,3.26810200,182.97450000
448.00000604,3.20939300,185.91000000
448.40000604,3.26810200,184.93150000
448.80000605,3.18982400,186.88840000
449.20000605,3.24853200,181.99610000
449.60000606,3.24853200,181.99610000
450.00000606,3.20939300,181.01760000
450.40000607,3.26810200,184.93150000
450.80000607,3.26810200,183.95300000
451.20000608,3.20939300,181.99610000
451.60000609,3.20939300,180.03910000
452.00000609,3.22896300,182.97450000
452.40000610,3.24853200,181.99610000
452.80000610,3.22896300,181.99610000
453.20000611,3.24853200,181.99610000
453.60000611,3.24853200,184.93150000
454.00000612,3.22896300,182.97450000
454.40000612,3.24853200,183.95300000
454.80000613,3.22896300,183.95300000
455.20000613,3.22896300,183.95300000
455.60000614,3.26810200,183.95300000
456.00000614,3.18982400,184.93150000
456.40000615,3.26810200,184.93150000
456.80000615,3.20939300,185.91000000
457.20000616,3.22896300,183.95300000
457.60000617,3.24853200,181.99610000
458.00000617,3.24853200,182.97450000
458.40000618,3.26810200,182.97450000
458.80000618,3.26810200,181.99610000
459.20000619,3.20939300,183.95300000
459.60000619,3.24853200,181.99610000
460.00000620,3.24853200,181.01760000
460.40000620,3.22896300,180.03910000
460.80000621,3.24853200,183.95300000
461.20000621,3.17025400,180.03910000
461.60000622,3.22896300,181.99610000
462.00000622,3.30724100,178.08220000
462.40000623,3.26810200,181.99610000
462.80000623,3.24853200,180.03910000
463.20000624,3.22896300,181.99610000
463.60000625,3.28767100,178.08220000
464.00000625,3.26810200,182.97450000
464.40000626,3.26810200,180.03910000
464.80000626,3.28767100,178.08220000
465.20000627,3.26810200,179.06070000
465.60000627,3.22896300,180.03910000
466.00000628,3.28767100,178.08220000
466.40000628,3.24853200,177.10370000
466.80000629,3.26810200,177.10370000
467.20000629,3.24853200,180.03910000
467.60000630,3.18982400,178.08220000
468.00000630,3.20939300,180.03910000
468.40000631,3.26810200,180.03910000
468.80000631,3.22896300,179.06070000
469.20000632,3.20939300,179.06070000
469.60000633,3.24853200,178.08220000
470.00000633,3.26810200,178.08220000
470.40000634,3.17025400,179.06070000
470.80000634,3.22896300,177.10370000
471.20000635,3.20939300,178.08220000
471.60000635,3.28767100,179.06070000
472.00000636,3.24853200,179.06070000
472.40000636,3.24853200,181.01760000
472.80000637,3.22896300,180.03910000
473.20000637,3.24853200,179.06070000
473.60000638,3.22896300,182.97450000
474.00000638,3.28767100,181.99610000
474.40000639,3.22896300,181.99610000
474.80000639,3.24853200,181.01760000
475.20000640,3.26810200,182.97450000
475.60000641,3.26810200,181.01760000
476.00000641,3.26810200,181.01760000
476.40000642,3.32681000,181.99610000
476.80000642,3.22896300,181.01760000
477.20000643,3.24853200,182.97450000
477.60000643,3.18982400,182.97450000
478.00000644,3.18982400,181.99610000
478.40000644,3.22896300,180.03910000
478.80000645,3.28767100,181.99610000
479.20000645,3.26810200,183.95300000
479.60000646,3.22896300,182.97450000
480.00000646,3.22896300,182.97450000
480.40000647,3.20939300,180.03910000
480.80000647,3.22896300,180.03910000
481.20000648,3.20939300,181.01760000
481.60000649,3.22896300,182.97450000
482.00000649,3.24853200,181.99610000
482.40000650,3.22896300,181.01760000
482.80000650,3.26810200,181.01760000
483.20000651,3.24853200,181.99610000
483.60000651,3.24853200,181.99610000
484.00000652,3.20939300,182.97450000
484.40000652,3.22896300,182.97450000
484.80000653,3.24853200,186.88840000
485.20000653,3.22896300,185.91000000
485.60000654,3.24853200,188.84540000
486.00000654,3.24853200,189.82390000
486.40000655,3.24853200,190.80230000
486.80000655,3.28767100,188.84540000
487.20000656,3.24853200,189.82390000
487.60000657,3.22896300,190.80230000
488.00000657,3.24853200,192.75930000
488.40000658,3.22896300,191.78080000
488.80000658,3.22896300,189.82390000
489.20000659,3.24853200,186.88840000
489.60000659,3.26810200,189.82390000
490.00000660,3.26810200,186.88840000
490.40000660,3.26810200,185.91000000
490.80000661,3.26810200,182.97450000
491.20000661,3.26810200,181.01760000
491.60000662,3.26810200,181.01760000
492.00000662,3.22896300,181.01760000
492.40000663,3.26810200,181.01760000
492.80000664,3.28767100,179.06070000
493.20000664,3.28767100,178.08220000
493.60000665,3.24853200,179.06070000
494.00000665,3.26810200,177.10370000
494.40000666,3.24853200,178.08220000
494.80000666,3.26810200,180.03910000
495.20000667,3.22896300,178.08220000
495.60000667,3.26810200,177.10370000
496.00000668,3.26810200,178.08220000
496.40000668,3.28767100,180.03910000
496.80000669,3.20939300,177.10370000
497.20000669,3.26810200,176.12520000
497.60000670,3.24853200,178.08220000
498.00000670,3.26810200,177.10370000
498.40000671,3.18982400,178.08220000
498.80000672,3.20939300,176.12520000
499.20000672,3.20939300,176.12520000
499.60000673,3.24853200,176.12520000
500.00000673,3.28767100,173.18980000
500.40000674,3.28767100,174.16830000
500.80000674,3.26810200,176.12520000
501.20000675,3.28767100,175.14680000
501.60000675,3.22896300,175.14680000
502.00000676,3.22896300,176.12520000
502.40000676,3.28767100,177.10370000
502.80000677,3.30724100,176.12520000
503.20000677,3.30724100,176.12520000
503.60000678,3.22896300,177.10370000
504.00000678,3.22896300,179.06070000
504.40000679,3.30724100,179.06070000
504.80000680,3.22896300,181.99610000
505.20000680,3.26810200,181.01760000
505.60000681,3.22896300,183.95300000
506.00000681,3.26810200,181.99610000
506.40000682,3.28767100,183.95300000
506.80000682,3.24853200,181.99610000
507.20000683,3.26810200,184.93150000
507.60000683,3.30724100,181.01760000
508.00000684,3.24853200,184.93150000
508.40000684,3.24853200,185.91000000
508.80000685,3.26810200,183.95300000
509.20000685,3.30724100,184.93150000
509.60000686,3.22896300,183.95300000
510.00000686,3.28767100,181.99610000
510.40000687,3.22896300,181.99610000
510.80000688,3.24853200,181.99610000
511.20000688,3.24853200,183.95300000
511.60000689,3.22896300,182.97450000
512.00000689,3.24853200,182.97450000
512.40000690,3.30724100,181.99610000
512.80000690,3.20939300,181.99610000
513.20000691,3.26810200,180.03910000
513.60000691,3.26810200,181.99610000
514.00000692,3.24853200,182.97450000
514.40000692,3.24853200,182.97450000
514.80000693,3.18982400,181.01760000
515.20000693,3.22896300,181.99610000
515.60000694,3.26810200,183.95300000
516.00000694,3.22896300,183.95300000
516.40000695,3.26810200,181.99610000
516.80000696,3.22896300,184.93150000
517.20000696,3.28767100,183.95300000
517.60000697,3.24853200,184.93150000
518.00000697,3.22896300,183.95300000
518.40000698,3.24853200,181.99610000
518.80000698,3.18982400,183.95300000
519.20000699,3.20939300,185.91000000
519.60000699,3.24853200,185.91000000
520.00000700,3.24853200,184.93150000
520.40000700,3.24853200,183.95300000
520.80000701,3.24853200,184.93150000
521.20000701,3.24853200,181.01760000
521.60000702,3.22896300,183.95300000
522.00000702,3.20939300,181.99610000
522.40000703,3.22896300,184.93150000
522.80000704,3.26810200,181.99610000
523.20000704,3.22896300,181.01760000
523.60000705,3.24853200,181.01760000
524.00000705,3.24853200,182.97450000
524.40000706,3.28767100,181.01760000
524.80000706,3.24853200,181.99610000
525.20000707,3.26810200,179.06070000
525.60000707,3.18982400,180.03910000
526.00000708,3.20939300,181.01760000
526.40000708,3.24853200,180.03910000
526.80000709,3.24853200,178.08220000
527.20000709,3.22896300,179.06070000
527.60000710,3.28767100,176.12520000
528.00000711,3.22896300,178.08220000
528.40000711,3.26810200,179.06070000
528.80000712,3.20939300,179.06070000
529.20000712,3.26810200,178.08220000
529.60000713,3.22896300,179.06070000
530.00000713,3.20939300,179.06070000
530.40000714,3.24853200,179.06070000
530.80000714,3.26810200,179.06070000
531.20000715,3.22896300,179.06070000
531.60000715,3.24853200,177.10370000
532.00000716,3.18982400,178.08220000
532.40000716,3.24853200,179.06070000
532.80000717,3.22896300,179.06070000
533.20000717,3.24853200,177.10370000
533.60000718,3.24853200,178.08220000
534.00000719,3.26810200,178.08220000
534.40000719,3.22896300,180.03910000
534.80000720,3.24853200,179.06070000
535.20000720,3.17025400,179.06070000
535.60000721,3.24853200,178.08220000
536.00000721,3.24853200,178.08220000
536.40000722,3.26810200,179.06070000
536.80000722,3.22896300,180.03910000
537.20000723,3.24853200,178.08220000
537.60000723,3.24853200,179.06070000
538.00000724,3.28767100,181.99610000
538.40000724,3.20939300,183.95300000
538.80000725,3.26810200,180.03910000
539.20000725,3.24853200,181.99610000
539.60000726,3.24853200,181.01760000
540.00000727,3.22896300,181.99610000
540.40000727,3.26810200,180.03910000
540.80000728,3.20939300,180.03910000
541.20000728,3.26810200,180.03910000
541.60000729,3.22896300,181.99610000
542.00000729,3.18982400,181.01760000
542.40000730,3.22896300,183.95300000
542.80000730,3.26810200,182.97450000
543.20000731,3.24853200,181.01760000
543.60000731,3.22896300,182.97450000
544.00000732,3.22896300,181.99610000
544.40000732,3.26810200,180.03910000
544.80000733,3.26810200,182.97450000
545.20000733,3.28767100,182.97450000
545.60000734,3.18982400,182.97450000
546.00000735,3.24853200,182.97450000
546.40000735,3.22896300,183.95300000
546.80000736,3.24853200,181.99610000
547.20000736,3.20939300,185.91000000
547.60000737,3.22896300,184.93150000
548.00000737,3.22896300,187.86690000
548.40000738,3.22896300,185.91000000
548.80000738,3.20939300,187.86690000
549.20000739,3.26810200,187.86690000
549.60000739,3.24853200,188.84540000
550.00000740,3.24853200,188.84540000
550.40000740,3.28767100,186.88840000
550.80000741,3.30724100,186.88840000
551.20000741,3.30724100,186.88840000
551.60000742,3.28767100,184.93150000
552.00000743,3.26810200,187.86690000
552.40000743,3.28767100,185.91000000
552.80000744,3.22896300,183.95300000
553.20000744,3.24853200,181.01760000
553.60000745,3.22896300,181.99610000
554.00000745,3.22896300,182.97450000
554.40000746,3.26810200,181.99610000
554.80000746,3.24853200,181.01760000
555.20000747,3.22896300,181.01760000
555.60000747,3.22896300,179.06070000
556.00000748,3.22896300,180.03910000
556.40000748,3.26810200,178.08220000
556.80000749,3.24853200,179.06070000
557.20000749,3.22896300,177.10370000
557.60000750,3.22896300,179.06070000
558.00000751,3.24853200,177.10370000
558.40000751,3.24853200,177.10370000
558.80000752,3.28767100,175.14680000
559.20000752,3.24853200,178.08220000
559.60000753,3.22896300,178.08220000
560.00000753,3.24853200,178.08220000
560.40000754,3.30724100,176.12520000
560.80000754,3.22896300,178.08220000
561.20000755,3.24853200,178.08220000
561.60000755,3.18982400,177.10370000
562.00000756,3.28767100,176.12520000
562.40000756,3.32681000,176.12520000
562.80000757,3.26810200,176.12520000
563.20000758,3.22896300,177.10370000
563.60000758,3.18982400,175.14680000
564.00000759,3.24853200,178.08220000
564.40000759,3.26810200,175.14680000
564.80000760,3.20939300,177.10370000
565.20000760,3.26810200,176.12520000
565.60000761,3.30724100,176.12520000
566.00000761,3.26810200,177.10370000
566.40000762,3.22896300,179.06070000
566.80000762,3.24853200,179.06070000
567.20000763,3.24853200,181.01760000
567.60000763,3.28767100,182.97450000
568.00000764,3.24853200,182.97450000
568.40000764,3.30724100,181.01760000
568.80000765,3.18982400,181.99610000
569.20000766,3.22896300,183.95300000
569.60000766,3.24853200,182.97450000
570.00000767,3.26810200,182.97450000
570.40000767,3.22896300,185.91000000
570.80000768,3.28767100,184.93150000
571.20000768,3.24853200,183.95300000
571.60000769,3.26810200,183.95300000
572.00000769,3.24853200,183.95300000
572.40000770,3.26810200,182.97450000
572.80000770,3.20939300,181.99610000
573.20000771,3.26810200,182.97450000
573.60000771,3.24853200,182.97450000
574.00000772,3.22896300,182.97450000
574.40000772,3.24853200,181.99610000
574.80000773,3.30724100,181.99610000
575.20000774,3.24853200,181.99610000
575.60000774,3.26810200,181.01760000
576.00000775,3.20939300,181.99610000
576.40000775,3.22896300,182.97450000
576.80000776,3.18982400,181.01760000
577.20000776,3.28767100,180.03910000
577.60000777,3.22896300,181.01760000
578.00000777,3.26810200,182.97450000
578.40000778,3.22896300,182.97450000
578.80000778,3.26810200,181.01760000
579.20000779,3.20939300,183.95300000
579.60000779,3.26810200,183.95300000
580.00000780,3.24853200,186.88840000
580.40000780,3.24853200,184.93150000
580.80000781,3.22896300,187.86690000
581.20000782,3.22896300,182.97450000
581.60000782,3.22896300,182.97450000
582.00000783,3.34638000,183.95300000
582.40000783,3.20939300,184.93150000
582.80000784,3.22896300,183.95300000
583.20000784,3.22896300,184.93150000
583.60000785,3.18982400,181.99610000
584.00000785,3.18982400,181.99610000
584.40000786,3.24853200,182.97450000
584.80000786,3.24853200,183.95300000
585.20000787,3.24853200,181.01760000
585.60000787,3.20939300,182.97450000
586.00000788,3.30724100,181.99610000
586.40000788,3.24853200,181.01760000
586.80000789,3.24853200,179.06070000
587.20000790,3.20939300,180.03910000
587.60000790,3.20939300,181.01760000
588.00000791,3.26810200,179.06070000
588.40000791,3.24853200,180.03910000
588.80000792,3.22896300,180.03910000
589.20000792,3.24853200,180.03910000
589.60000793,3.22896300,179.06070000
590.00000793,3.26810200,177.10370000
590.40000794,3.24853200,179.06070000
590.80000794,3.24853200,179.06070000
591.20000795,3.26810200,181.99610000
591.60000795,3.26810200,177.10370000
592.00000796,3.24853200,180.03910000
592.40000796,3.22896300,180.03910000
592.80000797,3.20939300,178.08220000
593.20000798,3.24853200,177.10370000
593.60000798,3.26810200,178.08220000
594.00000799,3.24853200,179.06070000
594.40000799,3.22896300,176.12520000
594.80000800,3.22896300,179.06070000
595.20000800,3.24853200,175.14680000
595.60000801,3.24853200,177.10370000
596.00000801,3.26810200,178.08220000
596.40000802,3.28767100,177.10370000
596.80000802,3.26810200,178.08220000
597.20000803,3.22896300,179.06070000
597.60000803,3.20939300,180.03910000
598.00000804,3.26810200,180.03910000
598.40000805,3.20939300,180.03910000
598.80000805,3.24853200,178.08220000
599.20000806,3.22896300,180.03910000
599.60000806,3.26810200,179.06070000
600.00000807,3.22896300,181.99610000
600.40000807,3.26810200,181.99610000
600.80000808,3.18982400,182.97450000
601.20000808,3.26810200,181.99610000
601.60000809,3.15068500,182.97450000
602.00000809,3.28767100,181.99610000
602.40000810,3.20939300,181.01760000
602.80000810,3.24853200,181.99610000
603.20000811,3.26810200,184.93150000
603.60000811,3.24853200,181.99610000
604.00000812,3.22896300,181.99610000
604.40000813,3.24853200,179.06070000
604.80000813,3.22896300,179.06070000
605.20000814,3.22896300,181.99610000
605.60000814,3.24853200,181.99610000
606.00000815,3.24853200,180.03910000
606.40000815,3.22896300,181.99610000
606.80000816,3.26810200,180.03910000
607.20000816,3.22896300,179.06070000
607.60000817,3.22896300,182.97450000
608.00000817,3.20939300,181.99610000
608.40000818,3.30724100,183.95300000
608.80000818,3.20939300,183.95300000
609.20000819,3.24853200,186.88840000
609.60000819,3.24853200,185.91000000
610.00000820,3.26810200,186.88840000
610.40000821,3.24853200,187.86690000
610.80000821,3.22896300,187.86690000
611.20000822,3.28767100,190.80230000
611.60000822,3.26810200,190.80230000
612.00000823,3.22896300,187.86690000
612.40000823,3.24853200,188.84540000
612.80000824,3.22896300,189.82390000
613.20000824,3.24853200,186.88840000
613.60000825,3.22896300,185.91000000
614.00000825,3.26810200,184.93150000
614.40000826,3.26810200,181.99610000
614.80000826,3.26810200,181.99610000
615.20000827,3.22896300,181.01760000
615.60000827,3.24853200,181.01760000
616.00000828,3.24853200,180.03910000
616.40000829,3.24853200,179.06070000
616.80000829,3.24853200,180.03910000
617.20000830,3.28767100,181.01760000
617.60000830,3.24853200,179.06070000
618.00000831,3.24853200,178.08220000
618.40000831,3.18982400,178.08220000
618.80000832,3.26810200,178.08220000
619.20000832,3.28767100,180.03910000
619.60000833,3.28767100,178.08220000
620.00000833,3.26810200,181.01760000
620.40000834,3.28767100,177.10370000
620.80000834,3.22896300,179.06070000
621.20000835,3.28767100,177.10370000
621.60000835,3.17025400,175.14680000
622.00000836,3.26810200,175.14680000
622.40000837,3.24853200,176.12520000
622.80000837,3.26810200,178.08220000
623.20000838,3.24853200,177.10370000
623.60000838,3.32681000,171.23290000
624.00000839,3.26810200,175.14680000
624.40000839,3.22896300,176.12520000
624.80000840,3.18982400,176.12520000
625.20000840,3.24853200,173.18980000
625.60000841,3.26810200,175.14680000
626.00000841,3.26810200,175.14680000
626.40000842,3.20939300,176.12520000
626.80000842,3.26810200,176.12520000
627.20000843,3.24853200,176.12520000
627.60000843,3.28767100,178.08220000
628.00000844,3.28767100,179.06070000
628.40000845,3.20939300,178.08220000
628.80000845,3.22896300,181.01760000
629.20000846,3.20939300,181.99610000
629.60000846,3.18982400,182.97450000
630.00000847,3.28767100,181.99610000
630.40000847,3.20939300,181.01760000
630.80000848,3.28767100,181.99610000
631.20000848,3.24853200,181.99610000
631.60000849,3.24853200,182.97450000
632.00000849,3.28767100,183.95300000
632.40000850,3.26810200,183.95300000
632.80000850,3.20939300,183.95300000
633.20000851,3.28767100,182.97450000
633.60000851,3.24853200,182.97450000
634.00000852,3.28767100,182.97450000
634.40000853,3.20939300,182.97450000
634.80000853,3.22896300,183.95300000
635.20000854,3.24853200,183.95300000
635.60000854,3.24853200,181.99610000
636.00000855,3.26810200,181.01760000
636.40000855,3.24853200,181.99610000
636.80000856,3.22896300,184.93150000
637.20000856,3.24853200,181.01760000
637.60000857,3.24853200,183.95300000
638.00000857,3.24853200,183.95300000
638.40000858,3.22896300,181.99610000
638.80000858,3.26810200,181.01760000
639.20000859,3.22896300,181.99610000
639.60000860,3.26810200,180.03910000
640.00000860,3.18982400,181.99610000
640.40000861,3.28767100,182.97450000
640.80000861,3.22896300,184.93150000
641.20000862,3.28767100,186.88840000
641.60000862,3.22896300,185.91000000
642.00000863,3.24853200,185.91000000
642.40000863,3.17025400,185.91000000
642.80000864,3.26810200,184.93150000
643.20000864,3.26810200,184.93150000
643.60000865,3.22896300,184.93150000
644.00000865,3.22896300,183.95300000
644.40000866,3.24853200,181.99610000
644.80000866,3.24853200,181.99610000
645.20000867,3.24853200,180.03910000
645.60000868,3.18982400,183.95300000
646.00000868,3.22896300,182.97450000
646.40000869,3.24853200,186.88840000
646.80000869,3.22896300,181.99610000
647.20000870,3.22896300,184.93150000
647.60000870,3.22896300,181.99610000
648.00000871,3.22896300,183.95300000
648.40000871,3.28767100,180.03910000
648.80000872,3.22896300,181.01760000
649.20000872,3.24853200,181.01760000
649.60000873,3.24853200,180.03910000
650.00000873,3.30724100,181.99610000
650.40000874,3.24853200,181.01760000
650.80000874,3.24853200,179.06070000
651.20000875,3.26810200,180.03910000
651.60000876,3.26810200,180.03910000
652.00000876,3.24853200,181.99610000
652.40000877,3.24853200,178.08220000
652.80000877,3.24853200,178.08220000
653.20000878,3.26810200,177.10370000
653.60000878,3.22896300,181.01760000
654.00000879,3.28767100,178.08220000
654.40000879,3.24853200,179.06070000
654.80000880,3.24853200,178.08220000
655.20000880,3.20939300,178.08220000
655.60000881,3.26810200,178.08220000
656.00000881,3.26810200,178.08220000
656.40000882,3.24853200,178.08220000
656.80000882,3.24853200,178.08220000
657.20000883,3.24853200,177.10370000
657.60000884,3.24853200,177.10370000
658.00000884,3.26810200,177.10370000
658.40000885,3.22896300,180.03910000
658.80000885,3.24853200,181.01760000
659.20000886,3.26810200,181.99610000
659.60000886,3.26810200,180.03910000
660.00000887,3.22896300,181.01760000
660.40000887,3.24853200,180.03910000
660.80000888,3.22896300,179.06070000
661.20000888,3.28767100,179.06070000
661.60000889,3.28767100,181.01760000
662.00000889,3.24853200,182.97450000
662.40000890,3.22896300,181.99610000
662.80000890,3.26810200,179.06070000
663.20000891,3.22896300,181.01760000
663.60000892,3.28767100,181.99610000
664.00000892,3.24853200,181.01760000
664.40000893,3.26810200,180.03910000
664.80000893,3.24853200,184.93150000
665.20000894,3.22896300,182.97450000
665.60000894,3.24853200,181.99610000
666.00000895,3.26810200,180.03910000
666.40000895,3.24853200,181.01760000
666.80000896,3.26810200,182.97450000
667.20000896,3.26810200,181.01760000
667.60000897,3.24853200,181.01760000
668.00000897,3.26810200,182.97450000
668.40000898,3.24853200,181.99610000
668.80000898,3.22896300,181.99610000
669.20000899,3.28767100,181.01760000
669.60000900,3.26810200,181.99610000
670.00000900,3.26810200,181.99610000
670.40000901,3.24853200,181.99610000
670.80000901,3.22896300,181.99610000
671.20000902,3.20939300,184.93150000
671.60000902,3.26810200,184.93150000
672.00000903,3.22896300,185.91000000
672.40000903,3.22896300,183.95300000
672.80000904,3.24853200,186.88840000
673.20000904,3.26810200,186.88840000
673.60000905,3.20939300,186.88840000
674.00000905,3.20939300,188.84540000
674.40000906,3.22896300,186.88840000
674.80000907,3.24853200,187.86690000
675.20000907,3.24853200,184.93150000
675.60000908,3.26810200,182.97450000
676.00000908,3.24853200,183.95300000
676.40000909,3.24853200,183.95300000
676.80000909,3.20939300,183.95300000
677.20000910,3.20939300,182.97450000
677.60000910,3.22896300,181.99610000
678.00000911,3.30724100,181.01760000
678.40000911,3.22896300,181.01760000
678.80000912,3.22896300,179.06070000
679.20000912,3.26810200,181.01760000
679.60000913,3.24853200,180.03910000
680.00000913,3.24853200,179.06070000
680.40000914,3.26810200,180.03910000
680.80000915,3.24853200,182.97450000
681.20000915,3.24853200,181.01760000
681.60000916,3.24853200,179.06070000
682.00000916,3.24853200,177.10370000
682.40000917,3.20939300,178.08220000
682.80000917,3.24853200,179.06070000
683.20000918,3.22896300,179.06070000
683.60000918,3.26810200,176.12520000
684.00000919,3.26810200,179.06070000
684.40000919,3.26810200,177.10370000
684.80000920,3.18982400,178.08220000
685.20000920,3.20939300,179.06070000
685.60000921,3.18982400,178.08220000
686.00000921,3.26810200,177.10370000
686.40000922,3.18982400,176.12520000
686.80000923,3.22896300,174.16830000
687.20000923,3.24853200,178.08220000
687.60000924,3.24853200,176.12520000
688.00000924,3.24853200,178.08220000
688.40000925,3.26810200,177.10370000
688.80000925,3.26810200,179.06070000
689.20000926,3.22896300,177.10370000
689.60000926,3.17025400,180.03910000
690.00000927,3.28767100,179.06070000
690.40000927,3.22896300,181.01760000
690.80000928,3.26810200,178.08220000
691.20000928,3.24853200,181.99610000
691.60000929,3.20939300,181.01760000
692.00000929,3.20939300,179.06070000
692.40000930,3.30724100,180.03910000
692.80000931,3.22896300,181.01760000
693.20000931,3.28767100,181.01760000
693.60000932,3.24853200,183.95300000
694.00000932,3.24853200,182.97450000
694.40000933,3.20939300,181.99610000
694.80000933,3.24853200,182.97450000
695.20000934,3.26810200,185.91000000
695.60000934,3.26810200,181.99610000
696.00000935,3.22896300,183.95300000
696.40000935,3.28767100,183.95300000
696.80000936,3.18982400,183.95300000
697.20000936,3.22896300,181.99610000
697.60000937,3.24853200,184.93150000
698.00000937,3.22896300,183.95300000
698.40000938,3.24853200,182.97450000
698.80000939,3.28767100,181.01760000
699.20000939,3.26810200,181.99610000
699.60000940,3.28767100,181.01760000
700.00000940,3.24853200,182.97450000
700.40000941,3.26810200,181.01760000
700.80000941,3.20939300,181.99610000
701.20000942,3.30724100,180.03910000
701.60000942,3.24853200,184.93150000
702.00000943,3.28767100,182.97450000
702.40000943,3.24853200,182.97450000
702.80000944,3.24853200,183.95300000
703.20000944,3.22896300,185.91000000
703.60000945,3.26810200,182.97450000
704.00000945,3.28767100,185.91000000
704.40000946,3.20939300,183.95300000
704.80000947,3.20939300,183.95300000
705.20000947,3.26810200,188.84540000
705.60000948,3.20939300,185.91000000
706.00000948,3.28767100,182.97450000
706.40000949,3.22896300,184.93150000
706.80000949,3.22896300,182.97450000
707.20000950,3.24853200,185.91000000
707.60000950,3.22896300,183.95300000
708.00000951,3.24853200,185.91000000
708.40000951,3.26810200,184.93150000
708.80000952,3.26810200,183.95300000
709.20000952,3.24853200,181.99610000
709.60000953,3.20939300,183.95300000
710.00000954,3.28767100,182.97450000
710.40000954,3.28767100,181.99610000
710.80000955,3.32681000,181.01760000
711.20000955,3.24853200,181.01760000
711.60000956,3.28767100,181.01760000
712.00000956,3.24853200,181.01760000
712.40000957,3.22896300,181.99610000
712.80000957,3.22896300,180.03910000
713.20000958,3.22896300,181.01760000
713.60000958,3.22896300,181.99610000
714.00000959,3.22896300,181.01760000
714.40000959,3.24853200,180.03910000
714.80000960,3.24853200,181.99610000
715.20000960,3.26810200,181.99610000
715.60000961,3.24853200,181.01760000
716.00000962,3.28767100,179.06070000
716.40000962,3.24853200,177.10370000
716.80000963,3.20939300,178.08220000
717.20000963,3.28767100,178.08220000
717.60000964,3.26810200,178.08220000
718.00000964,3.26810200,179.06070000
718.40000965,3.24853200,178.08220000
718.80000965,3.26810200,180.03910000
719.20000966,3.20939300,181.01760000
719.60000966,3.26810200,178.08220000
720.00000967,3.24853200,179.06070000
720.40000967,3.26810200,177.10370000
720.80000968,3.22896300,179.06070000
721.20000968,3.24853200,176.12520000
721.60000969,3.20939300,178.08220000
722.00000970,3.24853200,177.10370000
722.40000970,3.20939300,180.03910000
722.80000971,3.28767100,179.06070000
723.20000971,3.24853200,181.01760000
723.60000972,3.30724100,180.03910000
724.00000972,3.22896300,181.01760000
724.40000973,3.24853200,179.06070000
724.80000973,3.22896300,181.99610000
725.20000974,3.32681000,178.08220000
725.60000974,3.22896300,181.01760000
726.00000975,3.24853200,181.01760000
726.40000975,3.26810200,182.97450000
726.80000976,3.28767100,183.95300000
727.20000976,3.26810200,182.97450000
727.60000977,3.26810200,181.99610000
728.00000978,3.24853200,181.01760000
728.40000978,3.26810200,181.99610000
728.80000979,3.26810200,182.97450000
729.20000979,3.24853200,180.03910000
729.60000980,3.20939300,181.01760000
730.00000980,3.24853200,179.06070000
730.40000981,3.24853200,184.93150000
730.80000981,3.26810200,182.97450000
731.20000982,3.24853200,180.03910000
731.60000982,3.26810200,181.01760000
732.00000983,3.24853200,182.97450000
732.40000983,3.24853200,181.99610000
732.80000984,3.24853200,183.95300000
733.20000984,3.28767100,182.97450000
733.60000985,3.24853200,181.99610000
734.00000986,3.20939300,183.95300000
734.40000986,3.26810200,188.84540000
734.80000987,3.30724100,188.84540000
735.20000987,3.22896300,188.84540000
735.60000988,3.22896300,188.84540000
736.00000988,3.20939300,188.84540000
736.40000989,3.26810200,189.82390000
736.80000989,3.20939300,186.88840000
737.20000990,3.18982400,185.91000000
737.60000990,3.26810200,185.91000000
738.00000991,3.26810200,183.95300000
738.40000991,3.24853200,183.95300000
738.80000992,3.26810200,181.99610000
739.20000992,3.26810200,181.01760000
739.60000993,3.24853200,179.06070000
740.00000994,3.24853200,181.01760000
740.40000994,3.28767100,179.06070000
740.80000995,3.22896300,179.06070000
741.20000995,3.26810200,178.08220000
741.60000996,3.26810200,177.10370000
742.00000996,3.26810200,180.03910000
742.40000997,3.22896300,180.03910000
742.80000997,3.18982400,179.06070000
743.20000998,3.22896300,179.06070000
743.60000998,3.26810200,179.06070000
744.00000999,3.26810200,181.01760000
744.40000999,3.26810200,177.10370000
744.80001000,3.22896300,180.03910000
745.20001000,3.24853200,180.03910000
745.60001001,3.20939300,181.01760000
746.00001002,3.28767100,179.06070000
746.40001002,3.24853200,178.08220000
746.80001003,3.28767100,179.06070000
747.20001003,3.24853200,177.10370000
747.60001004,3.26810200,177.10370000
748.00001004,3.24853200,179.06070000
748.40001005,3.26810200,179.06070000
748.80001005,3.24853200,178.08220000
749.20001006,3.20939300,179.06070000
749.60001006,3.24853200,177.10370000
750.00001007,3.26810200,175.14680000
750.40001007,3.22896300,177.10370000
750.80001008,3.26810200,174.16830000
751.20001009,3.22896300,178.08220000
751.60001009,3.24853200,178.08220000
752.00001010,3.24853200,179.06070000
752.40001010,3.28767100,179.06070000
752.80001011,3.20939300,182.97450000
753.20001011,3.26810200,181.99610000
753.60001012,3.17025400,180.03910000
754.00001012,3.24853200,180.03910000
754.40001013,3.17025400,180.03910000
754.80001013,3.22896300,181.01760000
755.20001014,3.22896300,180.03910000
755.60001014,3.24853200,181.99610000
756.00001015,3.20939300,181.99610000
756.40001015,3.22896300,181.99610000
756.80001016,3.22896300,183.95300000
757.20001017,3.22896300,181.99610000
757.60001017,3.22896300,184.93150000
758.00001018,3.24853200,184.93150000
758.40001018,3.22896300,185.91000000
758.80001019,3.30724100,183.95300000
759.20001019,3.20939300,181.99610000
759.60001020,3.18982400,182.97450000
760.00001020,3.24853200,183.95300000
760.40001021,3.24853200,181.99610000
760.80001021,3.18982400,180.03910000
761.20001022,3.24853200,181.99610000
761.60001022,3.18982400,182.97450000
762.00001023,3.24853200,181.99610000
762.40001023,3.20939300,181.99610000
762.80001024,3.24853200,181.01760000
763.20001025,3.24853200,180.03910000
763.60001025,3.26810200,179.06070000
764.00001026,3.24853200,181.99610000
764.40001026,3.24853200,179.06070000
764.80001027,3.24853200,181.99610000
765.20001027,3.26810200,179.06070000
765.60001028,3.22896300,181.01760000
766.00001028,3.22896300,181.99610000
766.40001029,3.20939300,183.95300000
766.80001029,3.28767100,182.97450000
767.20001030,3.22896300,183.95300000
767.60001030,3.26810200,182.97450000
768.00001031,3.20939300,183.95300000
768.40001031,3.24853200,185.91000000
768.80001032,3.18982400,181.99610000
769.20001033,3.24853200,181.99610000
769.60001033,3.22896300,184.93150000
770.00001034,3.26810200,181.99610000
770.40001034,3.24853200,181.99610000
770.80001035,3.24853200,181.99610000
771.20001035,3.24853200,181.99610000
771.60001036,3.24853200,181.99610000
772.00001036,3.24853200,181.01760000
772.40001037,3.20939300,181.01760000
772.80001037,3.24853200,181.99610000
773.20001038,3.26810200,181.01760000
773.60001038,3.24853200,179.06070000
774.00001039,3.24853200,179.06070000
774.40001039,3.24853200,182.97450000
774.80001040,3.24853200,181.01760000
775.20001041,3.18982400,180.03910000
775.60001041,3.22896300,180.03910000
776.00001042,3.24853200,181.99610000
776.40001042,3.26810200,181.01760000
776.80001043,3.26810200,180.03910000
777.20001043,3.24853200,181.01760000
777.60001044,3.22896300,178.08220000
778.00001044,3.28767100,179.06070000
778.40001045,3.24853200,181.01760000
778.80001045,3.26810200,178.08220000
779.20001046,3.20939300,179.06070000
779.60001046,3.24853200,179.06070000
780.00001047,3.24853200,179.06070000
780.40001047,3.24853200,177.10370000
780.80001048,3.24853200,179.06070000
781.20001049,3.28767100,178.08220000
781.60001049,3.22896300,179.06070000
782.00001050,3.24853200,178.08220000
782.40001050,3.22896300,178.08220000
782.80001051,3.26810200,180.03910000
783.20001051,3.20939300,181.01760000
783.60001052,3.28767100,180.03910000
784.00001052,3.26810200,179.06070000
784.40001053,3.20939300,180.03910000
784.80001053,3.20939300,179.06070000
785.20001054,3.28767100,179.06070000
785.60001054,3.26810200,181.99610000
786.00001055,3.24853200,181.99610000
786.40001056,3.24853200,181.99610000
786.80001056,3.26810200,181.01760000
787.20001057,3.22896300,181.01760000
787.60001057,3.30724100,181.01760000
788.00001058,3.22896300,181.99610000
788.40001058,3.26810200,182.97450000
788.80001059,3.20939300,182.97450000
789.20001059,3.26810200,182.97450000
789.60001060,3.24853200,181.99610000
790.00001060,3.22896300,181.99610000
790.40001061,3.22896300,181.99610000
790.80001061,3.28767100,181.99610000
791.20001062,3.24853200,182.97450000
791.60001062,3.22896300,181.99610000
792.00001063,3.22896300,181.99610000
792.40001064,3.30724100,181.01760000
792.80001064,3.24853200,182.97450000
793.20001065,3.30724100,180.03910000
793.60001065,3.18982400,182.97450000
794.00001066,3.28767100,181.99610000
794.40001066,3.28767100,181.01760000
794.80001067,3.24853200,182.97450000
795.20001067,3.28767100,185.91000000
795.60001068,3.24853200,184.93150000
796.00001068,3.26810200,185.91000000
796.40001069,3.22896300,184.93150000
796.80001069,3.22896300,186.88840000
797.20001070,3.26810200,188.84540000
797.60001070,3.22896300,188.84540000
798.00001071,3.28767100,187.86690000
798.40001072,3.24853200,187.86690000
798.80001072,3.24853200,184.93150000
799.20001073,3.20939300,184.93150000
799.60001073,3.22896300,185.91000000
800.00001074,3.24853200,185.91000000
800.40001074,3.26810200,181.99610000
800.80001075,3.26810200,183.95300000
801.20001075,3.22896300,181.99610000
801.60001076,3.22896300,185.91000000
802.00001076,3.26810200,182.97450000
802.40001077,3.18982400,182.97450000
802.80001077,3.26810200,181.01760000
803.20001078,3.18982400,181.01760000
803.60001078,3.24853200,180.03910000
804.00001079,3.20939300,181.99610000
804.40001080,3.26810200,179.06070000
804.80001080,3.24853200,178.08220000
805.20001081,3.28767100,178.08220000
805.60001081,3.24853200,180.03910000
806.00001082,3.26810200,177.10370000
806.40001082,3.28767100,176.12520000
806.80001083,3.26810200,178.08220000
807.20001083,3.24853200,175.14680000
807.60001084,3.26810200,176.12520000
808.00001084,3.24853200,181.99610000
808.40001085,3.20939300,177.10370000
808.80001085,3.20939300,178.08220000
809.20001086,3.24853200,178.08220000
809.60001086,3.28767100,177.10370000
810.00001087,3.26810200,176.12520000
810.40001088,3.24853200,177.10370000
810.80001088,3.26810200,178.08220000
811.20001089,3.20939300,178.08220000
811.60001089,3.26810200,176.12520000
812.00001090,3.24853200,178.08220000
812.40001090,3.26810200,174.16830000
812.80001091,3.20939300,177.10370000
813.20001091,3.22896300,177.10370000
813.60001092,3.26810200,179.06070000
814.00001092,3.24853200,179.06070000
814.40001093,3.20939300,177.10370000
814.80001093,3.22896300,179.06070000
815.20001094,3.18982400,180.03910000
815.60001094,3.22896300,179.06070000
816.00001095,3.24853200,181.01760000
816.40001096,3.26810200,180.03910000
816.80001096,3.17025400,182.97450000
817.20001097,3.26810200,182.97450000
817.60001097,3.22896300,181.01760000
818.00001098,3.18982400,181.99610000
818.40001098,3.24853200,182.97450000
818.80001099,3.26810200,181.99610000
819.20001099,3.28767100,183.95300000
819.60001100,3.28767100,183.95300000
820.00001100,3.22896300,183.95300000
820.40001101,3.24853200,181.01760000
820.80001101,3.26810200,183.95300000
821.20001102,3.28767100,181.99610000
821.60001103,3.24853200,183.95300000
822.00001103,3.24853200,184.93150000
822.40001104,3.22896300,183.95300000
822.80001104,3.26810200,181.99610000
823.20001105,3.22896300,183.95300000
823.60001105,3.24853200,182.97450000
824.00001106,3.22896300,182.97450000
824.40001106,3.18982400,181.99610000
824.80001107,3.24853200,183.95300000
825.20001107,3.26810200,181.01760000
825.60001108,3.22896300,181.99610000
826.00001108,3.26810200,181.99610000
826.40001109,3.22896300,181.99610000
826.80001109,3.24853200,181.01760000
827.20001110,3.24853200,180.03910000
827.60001111,3.24853200,182.97450000
828.00001111,3.24853200,182.97450000
828.40001112,3.30724100,183.95300000
828.80001112,3.24853200,183.95300000
829.20001113,3.20939300,181.99610000
829.60001113,3.20939300,182.97450000
830.00001114,3.26810200,181.99610000
830.40001114,3.22896300,184.93150000
830.80001115,3.20939300,184.93150000
831.20001115,3.24853200,184.93150000
831.60001116,3.30724100,182.97450000
832.00001116,3.24853200,182.97450000
832.40001117,3.24853200,181.99610000
832.80001117,3.24853200,181.99610000
833.20001118,3.26810200,184.93150000
833.60001119,3.26810200,183.95300000
834.00001119,3.28767100,183.95300000
834.40001120,3.22896300,181.01760000
834.80001120,3.22896300,179.06070000
835.20001121,3.24853200,181.01760000
835.60001121,3.30724100,181.01760000
836.00001122,3.26810200,181.01760000
836.40001122,3.24853200,181.01760000
836.80001123,3.20939300,181.99610000
837.20001123,3.24853200,179.06070000
837.60001124,3.22896300,181.99610000
838.00001124,3.24853200,181.01760000
838.40001125,3.24853200,179.06070000
838.80001125,3.24853200,178.08220000
839.20001126,3.20939300,178.08220000
839.60001127,3.20939300,181.01760000
840.00001127,3.20939300,179.06070000
840.40001128,3.26810200,177.10370000
840.80001128,3.22896300,178.08220000
841.20001129,3.26810200,179.06070000
841.60001129,3.24853200,179.06070000
842.00001130,3.26810200,177.10370000
842.40001130,3.26810200,178.08220000
842.80001131,3.22896300,178.08220000
843.20001131,3.18982400,178.08220000
843.60001132,3.24853200,177.10370000
844.00001132,3.22896300,178.08220000
844.40001133,3.24853200,177.10370000
844.80001133,3.24853200,181.01760000
845.20001134,3.24853200,179.06070000
845.60001135,3.18982400,179.06070000
846.00001135,3.22896300,178.08220000
846.40001136,3.22896300,180.03910000
846.80001136,3.22896300,180.03910000
847.20001137,3.22896300,180.03910000
847.60001137,3.22896300,180.03910000
848.00001138,3.26810200,180.03910000
848.40001138,3.30724100,180.03910000
848.80001139,3.22896300,182.97450000
849.20001139,3.26810200,181.01760000
849.60001140,3.24853200,181.01760000
850.00001140,3.26810200,181.01760000
850.40001141,3.22896300,183.95300000
850.80001141,3.24853200,181.99610000
851.20001142,3.24853200,181.99610000
851.60001143,3.26810200,181.01760000
852.00001143,3.18982400,182.97450000
852.40001144,3.18982400,180.03910000
852.80001144,3.26810200,181.99610000
853.20001145,3.26810200,180.03910000
853.60001145,3.28767100,181.01760000
854.00001146,3.26810200,179.06070000
854.40001146,3.20939300,181.01760000
854.80001147,3.26810200,181.01760000
855.20001147,3.24853200,180.03910000
855.60001148,3.26810200,181.01760000
856.00001148,3.24853200,179.06070000
856.40001149,3.26810200,181.99610000
856.80001150,3.18982400,182.97450000
857.20001150,3.26810200,182.97450000
857.60001151,3.24853200,184.93150000
858.00001151,3.26810200,184.93150000
858.40001152,3.20939300,187.86690000
858.80001152,3.26810200,189.82390000
859.20001153,3.20939300,194.71620000
859.60001153,3.24853200,198.63010000
860.00001154,3.20939300,202.54400000
860.40001154,3.22896300,206.45790000
860.80001155,3.17025400,212.32880000
861.20001155,3.15068500,219.17810000
861.60001156,3.07240700,225.04890000
862.00001156,3.01369900,228.96280000
862.40001157,2.99412900,233.85520000
862.80001158,2.91585100,233.85520000
863.20001158,2.87671200,234.83360000
863.60001159,2.81800400,233.85520000
864.00001159,2.75929500,230.91980000
864.40001160,2.72015600,227.00590000
864.80001160,2.70058700,223.09200000
865.20001161,2.64187900,214.28570000
865.60001161,2.62230900,207.43640000
866.00001162,2.62230900,197.65160000
866.40001162,2.58317000,190.80230000
866.80001163,2.54403100,182.97450000
867.20001163,2.52446200,179.06070000
867.60001164,2.54403100,168.29740000
868.00001164,2.48532300,164.38350000
868.40001165,2.48532300,159.49120000
868.80001166,2.44618400,156.55580000
869.20001166,2.44618400,150.68490000
869.60001167,2.38747500,151.66340000
870.00001167,2.32876700,151.66340000
870.40001168,2.30919800,157.53420000
870.80001168,2.36790600,160.46970000
871.20001169,2.28962800,166.34050000
871.60001169,2.21135000,177.10370000
872.00001170,2.17221100,183.95300000
872.40001170,2.09393300,193.73780000
872.80001171,2.01565600,204.50100000
873.20001171,1.97651700,213.30720000
873.60001172,1.93737800,225.04890000
874.00001172,1.83953000,227.98430000
874.40001173,1.80039100,235.81210000
874.80001174,1.76125200,236.79060000
875.20001174,1.70254400,239.72600000
875.60001175,1.68297500,239.72600000
876.00001175,1.62426600,238.74750000
876.40001176,1.54598800,232.87670000
876.80001176,1.48728000,227.00590000
877.20001177,1.44814100,219.17810000
877.60001177,1.42857100,210.37180000
878.00001178,1.36986300,205.47940000
878.40001178,1.35029400,195.69470000
878.80001179,1.23287700,189.82390000
879.20001179,1.19373800,180.03910000
879.60001180,1.15459900,173.18980000
880.00001180,1.03718200,170.25440000
880.40001181,1.03718200,168.29740000
880.80001182,1.03718200,164.38350000
881.20001182,0.93933460,161.44810000
881.60001183,0.84148730,161.44810000
882.00001183,0.84148730,160.46970000
882.40001184,0.78277890,163.40510000
882.80001184,0.76320940,160.46970000
883.20001185,0.66536200,165.36200000
883.60001185,0.60665360,167.31900000
884.00001186,0.56751470,173.18980000
884.40001186,0.52837570,170.25440000
884.80001187,0.48923680,176.12520000
885.20001187,0.46966730,177.10370000
885.60001188,0.39138940,180.03910000
886.00001188,0.41095890,180.03910000
886.40001189,0.31311150,179.06070000
886.80001190,0.31311150,179.06070000
887.20001190,0.25440310,180.03910000
887.60001191,0.21526420,179.06070000
888.00001191,0.19569470,179.06070000
888.40001192,0.13698630,178.08220000
888.80001192,0.07827789,178.08220000
889.20001193,0.07827789,178.08220000
889.60001193,0.00000000,177.10370000
890.00001194,0.05870841,176.12520000
890.40001194,-0.03913894,179.06070000
890.80001195,-0.01956947,177.10370000
891.20001195,-0.05870841,180.03910000
891.60001196,-0.07827789,179.06070000
892.00001196,-0.11741680,179.06070000
892.40001197,-0.11741680,179.06070000
892.80001198,-0.15655580,180.03910000
893.20001198,-0.09784736,181.01760000
893.60001199,-0.19569470,179.06070000
894.00001199,-0.15655580,177.10370000
894.40001200,-0.21526420,178.08220000
894.80001200,-0.25440310,175.14680000
895.20001201,-0.25440310,175.14680000
895.60001201,-0.25440310,171.23290000
896.00001202,-0.27397260,169.27590000
896.40001202,-0.35225050,170.25440000
896.80001203,-0.35225050,168.29740000
897.20001203,-0.37182000,166.34050000
897.60001204,-0.43052840,165.36200000
898.00001205,-0.39138940,164.38350000
898.40001205,-0.43052840,162.42660000
898.80001206,-0.48923680,161.44810000
899.20001206,-0.45009790,161.44810000
899.60001207,-0.45009790,162.42660000
900.00001207,-0.46966730,165.36200000
900.40001208,-0.43052840,161.44810000
900.80001208,-0.48923680,163.40510000
901.20001209,-0.48923680,161.44810000
901.60001209,-0.45009790,163.40510000
902.00001210,-0.52837570,163.40510000
902.40001210,-0.54794520,163.40510000
902.80001211,-0.48923680,161.44810000
903.20001211,-0.52837570,162.42660000
903.60001212,-0.52837570,165.36200000
904.00001213,-0.52837570,166.34050000
904.40001213,-0.52837570,165.36200000
904.80001214,-0.56751470,166.34050000
905.20001214,-0.52837570,165.36200000
905.60001215,-0.54794520,168.29740000
906.00001215,-0.56751470,166.34050000
906.40001216,-0.52837570,169.27590000
906.80001216,-0.54794520,170.25440000
907.20001217,-0.56751470,168.29740000
907.60001217,-0.60665360,168.29740000
908.00001218,-0.54794520,170.25440000
908.40001218,-0.48923680,172.21130000
908.80001219,-0.58708420,172.21130000
909.20001219,-0.52837570,173.18980000
909.60001220,-0.54794520,175.14680000
910.00001221,-0.50880620,176.12520000
910.40001221,-0.52837570,174.16830000
910.80001222,-0.54794520,174.16830000
911.20001222,-0.52837570,179.06070000
911.60001223,-0.48923680,175.14680000
912.00001223,-0.46966730,176.12520000
912.40001224,-0.48923680,173.18980000
912.80001224,-0.52837570,172.21130000
913.20001225,-0.52837570,172.21130000
913.60001225,-0.46966730,172.21130000
914.00001226,-0.50880620,173.18980000
914.40001226,-0.46966730,172.21130000
914.80001227,-0.43052840,171.23290000
915.20001227,-0.46966730,172.21130000
915.60001228,-0.46966730,169.27590000
916.00001229,-0.43052840,170.25440000
916.40001229,-0.41095890,169.27590000
916.80001230,-0.43052840,172.21130000
917.20001230,-0.41095890,173.18980000
917.60001231,-0.37182000,174.16830000
918.00001231,-0.39138940,174.16830000
918.40001232,-0.35225050,175.14680000
918.80001232,-0.37182000,176.12520000
919.20001233,-0.39138940,176.12520000
919.60001233,-0.33268100,176.12520000
920.00001234,-0.37182000,178.08220000
920.40001234,-0.37182000,179.06070000
920.80001235,-0.37182000,182.97450000
921.20001235,-0.33268100,180.03910000
921.60001236,-0.33268100,180.03910000
922.00001237,-0.33268100,182.97450000
922.40001237,-0.33268100,186.88840000
922.80001238,-0.29354210,185.91000000
923.20001238,-0.31311150,182.97450000
923.60001239,-0.21526420,185.91000000
924.00001239,-0.21526420,186.88840000
924.40001240,-0.19569470,185.91000000
924.80001240,-0.25440310,187.86690000
925.20001241,-0.25440310,184.93150000
925.60001241,-0.19569470,186.88840000
926.00001242,-0.17612520,184.93150000
926.40001242,-0.15655580,185.91000000
926.80001243,-0.15655580,184.93150000
927.20001243,-0.17612520,185.91000000
927.60001244,-0.19569470,182.97450000
928.00001245,-0.09784736,183.95300000
928.40001245,-0.13698630,181.01760000
928.80001246,-0.19569470,180.03910000
929.20001246,-0.11741680,181.01760000
929.60001247,-0.09784736,180.03910000
930.00001247,-0.07827789,178.08220000
930.40001248,-0.03913894,180.03910000
930.80001248,-0.07827789,178.08220000
931.20001249,-0.11741680,177.10370000
931.60001249,-0.03913894,177.10370000
932.00001250,-0.01956947,177.10370000
932.40001250,-0.05870841,176.12520000
932.80001251,-0.03913894,177.10370000
933.20001252,0.00000000,173.18980000
933.60001252,-0.03913894,177.10370000
934.00001253,-0.03913894,177.10370000
934.40001253,-0.01956947,180.03910000
934.80001254,-0.01956947,175.14680000
935.20001254,0.05870841,177.10370000
935.60001255,0.11741680,180.03910000
936.00001255,0.03913894,178.08220000
936.40001256,0.07827789,180.03910000
936.80001256,0.01956947,180.03910000
937.20001257,0.01956947,181.01760000
937.60001257,0.07827789,181.01760000
938.00001258,0.07827789,182.97450000
938.40001258,0.07827789,182.97450000
938.80001259,0.05870841,183.95300000
939.20001260,0.07827789,182.97450000
939.60001260,0.07827789,184.93150000
940.00001261,0.09784736,185.91000000
940.40001261,0.09784736,183.95300000
940.80001262,0.13698630,188.84540000
941.20001262,0.11741680,186.88840000
941.60001263,0.13698630,188.84540000
942.00001263,0.15655580,188.84540000
942.40001264,0.11741680,189.82390000
942.80001264,0.13698630,187.86690000
943.20001265,0.19569470,189.82390000
943.60001265,0.15655580,189.82390000
944.00001266,0.13698630,190.80230000
944.40001266,0.15655580,188.84540000
944.80001267,0.13698630,189.82390000
945.20001268,0.21526420,188.84540000
945.60001268,0.21526420,188.84540000
946.00001269,0.15655580,188.84540000
946.40001269,0.17612520,189.82390000
946.80001270,0.19569470,186.88840000
947.20001270,0.23483370,189.82390000
947.60001271,0.19569470,187.86690000
948.00001271,0.15655580,187.86690000
948.40001272,0.19569470,185.91000000
948.80001272,0.21526420,186.88840000
949.20001273,0.13698630,184.93150000
949.60001273,0.21526420,186.88840000
950.00001274,0.23483370,183.95300000
950.40001274,0.25440310,183.95300000
950.80001275,0.21526420,183.95300000
